from,to,type
Q100145788,Q130728603,sibling_any
Q100145789,Q1489164,sibling_any
Q100153033,Q110637470,sibling_any
Q100153033,Q116108311,sibling_any
Q100153043,Q101231755,sibling_any
Q100153052,Q75591248,sibling_any
Q100153052,Q75791763,sibling_any
Q100153052,Q76201130,sibling_any
Q100326337,Q99804253,sibling_any
Q100326381,Q103838063,sibling_any
Q100326381,Q108913086,sibling_any
Q100326381,Q18672778,sibling_any
Q100326381,Q75241183,sibling_any
Q100326381,Q75616820,sibling_any
Q100326381,Q76329294,sibling_any
Q100326382,Q100900242,sibling_any
Q100326382,Q107275528,sibling_any
Q100326382,Q76277952,sibling_any
Q100326382,Q99803765,sibling_any
Q100326446,Q110388260,sibling_any
Q100326446,Q99804061,sibling_any
Q100447310,Q56006558,sibling_any
Q100447630,Q125223889,sibling_any
Q100447630,Q125224172,sibling_any
Q100447630,Q125224210,sibling_any
Q100447630,Q131364646,sibling_any
Q100447677,Q105881956,sibling_any
Q100447677,Q108687502,sibling_any
Q100447686,Q96216894,sibling_any
Q100447686,Q96216921,sibling_any
Q100900242,Q107275528,sibling_any
Q100900242,Q76277952,sibling_any
Q100900242,Q99803765,sibling_any
Q100901131,Q100901145,sibling_any
Q100901131,Q104484521,sibling_any
Q100901131,Q105821280,sibling_any
Q100901131,Q75552096,sibling_any
Q100901131,Q75669363,sibling_any
Q100901131,Q75984685,sibling_any
Q100901131,Q99069929,sibling_any
Q100901131,Q99674956,sibling_any
Q100901145,Q104484521,sibling_any
Q100901145,Q105821280,sibling_any
Q100901145,Q75552096,sibling_any
Q100901145,Q75669363,sibling_any
Q100901145,Q75984685,sibling_any
Q100901145,Q99069929,sibling_any
Q100901145,Q99674956,sibling_any
Q101163261,Q110582255,sibling_any
Q101163261,Q75552091,sibling_any
Q101163261,Q76331438,sibling_any
Q101208263,Q101422789,sibling_any
Q101208263,Q101423285,sibling_any
Q101208263,Q114341843,sibling_any
Q101208263,Q75765694,sibling_any
Q101208263,Q96199083,sibling_any
Q101208263,Q98422877,sibling_any
Q101231836,Q101523209,sibling_any
Q101231836,Q104038423,sibling_any
Q101231836,Q6219518,sibling_any
Q101231836,Q75268879,sibling_any
Q101243731,Q104551518,sibling_any
Q101243731,Q123729264,sibling_any
Q101243731,Q131179528,sibling_any
Q101243731,Q99399789,sibling_any
Q101422787,Q101424361,sibling_any
Q101422787,Q101424598,sibling_any
Q101422787,Q107622034,sibling_any
Q101422787,Q107726773,sibling_any
Q101422787,Q123991823,sibling_any
Q101422788,Q104451404,sibling_any
Q101422788,Q104553386,sibling_any
Q101422788,Q107296253,sibling_any
Q101422789,Q101423285,sibling_any
Q101422789,Q114341843,sibling_any
Q101422789,Q75765694,sibling_any
Q101422789,Q96199083,sibling_any
Q101422789,Q98422877,sibling_any
Q101422798,Q101423222,sibling_any
Q101422798,Q101423332,sibling_any
Q101422798,Q101423354,sibling_any
Q101422798,Q101423697,sibling_any
Q101422798,Q101423840,sibling_any
Q101422798,Q101424633,sibling_any
Q101422798,Q115707595,sibling_any
Q101422800,Q101422820,sibling_any
Q101422800,Q101422841,sibling_any
Q101422800,Q101423445,sibling_any
Q101422800,Q124066750,sibling_any
Q101422800,Q96076725,sibling_any
Q101422820,Q101422841,sibling_any
Q101422820,Q101423445,sibling_any
Q101422820,Q124066750,sibling_any
Q101422820,Q96076725,sibling_any
Q101422841,Q101423445,sibling_any
Q101422841,Q124066750,sibling_any
Q101422841,Q96076725,sibling_any
Q101423222,Q101423332,sibling_any
Q101423222,Q101423354,sibling_any
Q101423222,Q101423697,sibling_any
Q101423222,Q101423840,sibling_any
Q101423222,Q101424633,sibling_any
Q101423222,Q115707595,sibling_any
Q101423285,Q114341843,sibling_any
Q101423285,Q75765694,sibling_any
Q101423285,Q96199083,sibling_any
Q101423285,Q98422877,sibling_any
Q101423332,Q101423354,sibling_any
Q101423332,Q101423697,sibling_any
Q101423332,Q101423840,sibling_any
Q101423332,Q101424633,sibling_any
Q101423332,Q115707595,sibling_any
Q101423354,Q101423697,sibling_any
Q101423354,Q101423840,sibling_any
Q101423354,Q101424633,sibling_any
Q101423354,Q115707595,sibling_any
Q101423445,Q124066750,sibling_any
Q101423445,Q96076725,sibling_any
Q101423697,Q101423840,sibling_any
Q101423697,Q101424633,sibling_any
Q101423697,Q115707595,sibling_any
Q101423840,Q101424633,sibling_any
Q101423840,Q115707595,sibling_any
Q101424359,Q96216559,sibling_any
Q101424361,Q101424598,sibling_any
Q101424361,Q107622034,sibling_any
Q101424361,Q107726773,sibling_any
Q101424361,Q123991823,sibling_any
Q101424598,Q107622034,sibling_any
Q101424598,Q107726773,sibling_any
Q101424598,Q123991823,sibling_any
Q101424633,Q115707595,sibling_any
Q101523209,Q104038423,sibling_any
Q101523209,Q6219518,sibling_any
Q101523209,Q75268879,sibling_any
Q101523503,Q96318366,sibling_any
Q101536506,Q107182892,sibling_any
Q101536506,Q116924148,sibling_any
Q101536506,Q76197509,sibling_any
Q101536506,Q96414252,sibling_any
Q101536506,Q97536585,sibling_any
Q101536506,Q98103768,sibling_any
Q101566808,Q101566876,sibling_any
Q101566808,Q24524594,sibling_any
Q101566876,Q24524594,sibling_any
Q102327518,Q103519605,sibling_any
Q102327518,Q76197511,sibling_any
Q102327518,Q99769246,sibling_any
Q102352231,Q96318389,sibling_any
Q102400157,Q123336416,sibling_any
Q102400157,Q22302383,sibling_any
Q102433534,Q102433548,sibling_any
Q102433534,Q102433555,sibling_any
Q102433548,Q102433555,sibling_any
Q102522194,Q6240151,sibling_any
Q102522194,Q91555997,sibling_any
Q102522194,Q91555999,sibling_any
Q103519605,Q76197511,sibling_any
Q103519605,Q99769246,sibling_any
Q103838063,Q108913086,sibling_any
Q103838063,Q18672778,sibling_any
Q103838063,Q75241183,sibling_any
Q103838063,Q75616820,sibling_any
Q103838063,Q76329294,sibling_any
Q104038161,Q5362663,sibling_any
Q104038161,Q75523325,sibling_any
Q104038162,Q105872441,sibling_any
Q104038162,Q136243199,sibling_any
Q104038162,Q61911816,sibling_any
Q104038162,Q75613020,sibling_any
Q104038162,Q75769369,sibling_any
Q104038162,Q96075964,sibling_any
Q104038164,Q112943051,sibling_any
Q104038164,Q127227267,sibling_any
Q104038166,Q96075919,sibling_any
Q104038170,Q105790237,sibling_any
Q104038170,Q105873559,sibling_any
Q104038170,Q75791771,sibling_any
Q104038170,Q76154931,sibling_any
Q104038225,Q105803073,sibling_any
Q104038231,Q18531404,sibling_any
Q104038231,Q76297251,sibling_any
Q104038231,Q99767733,sibling_any
Q104038234,Q96322805,sibling_any
Q104038284,Q6257376,sibling_any
Q104038284,Q75541548,sibling_any
Q104038284,Q76344535,sibling_any
Q104038325,Q110315640,sibling_any
Q104038325,Q75241204,sibling_any
Q104038325,Q76322600,sibling_any
Q104038325,Q96318406,sibling_any
Q104038398,Q105802227,sibling_any
Q104038398,Q130353227,sibling_any
Q104038398,Q75558031,sibling_any
Q104038398,Q8007582,sibling_any
Q104038398,Q98103245,sibling_any
Q104038398,Q98967083,sibling_any
Q104038398,Q99107561,sibling_any
Q104038400,Q98103241,sibling_any
Q104038423,Q6219518,sibling_any
Q104038423,Q75268879,sibling_any
Q104038428,Q105801465,sibling_any
Q104038428,Q105802962,sibling_any
Q104038428,Q116156741,sibling_any
Q104038438,Q75674916,sibling_any
Q104038438,Q75760439,sibling_any
Q104038438,Q76218735,sibling_any
Q104038438,Q7964321,sibling_any
Q104038604,Q105814299,sibling_any
Q104038604,Q110439571,sibling_any
Q104038604,Q75241252,sibling_any
Q104038604,Q99068428,sibling_any
Q104038604,Q99070448,sibling_any
Q104038606,Q99070389,sibling_any
Q104038718,Q96075536,sibling_any
Q104038723,Q116136480,sibling_any
Q104038723,Q6257124,sibling_any
Q104038723,Q97568561,sibling_any
Q104038730,Q105794787,sibling_any
Q104038772,Q7326109,sibling_any
Q104038772,Q98053399,sibling_any
Q104073325,Q15917318,sibling_any
Q104073325,Q16854050,sibling_any
Q104073325,Q99928371,sibling_any
Q104451404,Q104553386,sibling_any
Q104451404,Q107296253,sibling_any
Q104472010,Q5722188,sibling_any
Q104472010,Q76101065,sibling_any
Q104472110,Q116029022,sibling_any
Q104472110,Q99804286,sibling_any
Q104472588,Q105815259,sibling_any
Q104472588,Q99803961,sibling_any
Q104473746,Q75776429,sibling_any
Q104484521,Q105821280,sibling_any
Q104484521,Q75552096,sibling_any
Q104484521,Q75669363,sibling_any
Q104484521,Q75984685,sibling_any
Q104484521,Q99069929,sibling_any
Q104484521,Q99674956,sibling_any
Q1045098,Q497827,sibling_any
Q104551518,Q123729264,sibling_any
Q104551518,Q131179528,sibling_any
Q104551518,Q99399789,sibling_any
Q104553386,Q107296253,sibling_any
Q104787347,Q105877768,sibling_any
Q104787347,Q113336067,sibling_any
Q104787347,Q115287292,sibling_any
Q104787347,Q16854048,sibling_any
Q104787347,Q96216128,sibling_any
Q104787347,Q97103884,sibling_any
Q104799495,Q105842388,sibling_any
Q104799495,Q107263388,sibling_any
Q104799495,Q96311655,sibling_any
Q104913506,Q115779540,sibling_any
Q104913506,Q127328853,sibling_any
Q105100607,Q4934,sibling_any
Q105768323,Q111525144,sibling_any
Q105768323,Q99804378,sibling_any
Q105770107,Q99804161,sibling_any
Q105770170,Q75387654,sibling_any
Q105770170,Q75933583,sibling_any
Q105771120,Q76277933,sibling_any
Q105790237,Q105873559,sibling_any
Q105790237,Q75791771,sibling_any
Q105790237,Q76154931,sibling_any
Q105791234,Q75771274,sibling_any
Q105793162,Q7025528,sibling_any
Q105801465,Q105802962,sibling_any
Q105801465,Q116156741,sibling_any
Q105802183,Q5553473,sibling_any
Q105802183,Q75774933,sibling_any
Q105802227,Q130353227,sibling_any
Q105802227,Q75558031,sibling_any
Q105802227,Q8007582,sibling_any
Q105802227,Q98103245,sibling_any
Q105802227,Q98967083,sibling_any
Q105802227,Q99107561,sibling_any
Q105802962,Q116156741,sibling_any
Q105803167,Q122364575,sibling_any
Q105803167,Q76031800,sibling_any
Q105803167,Q99803789,sibling_any
Q105803190,Q112531178,sibling_any
Q105803190,Q116147659,sibling_any
Q105803190,Q130338909,sibling_any
Q105803190,Q96244030,sibling_any
Q105803191,Q105814399,sibling_any
Q105803191,Q116148115,sibling_any
Q105803193,Q105814350,sibling_any
Q105803199,Q105814234,sibling_any
Q105803199,Q110290760,sibling_any
Q105803199,Q110389233,sibling_any
Q105803199,Q116812709,sibling_any
Q105803199,Q76048583,sibling_any
Q105803199,Q76214402,sibling_any
Q105803199,Q76273231,sibling_any
Q105803203,Q106703058,sibling_any
Q105803203,Q111465022,sibling_any
Q105803204,Q110586133,sibling_any
Q105803204,Q116125148,sibling_any
Q105803204,Q130340641,sibling_any
Q105803205,Q75795926,sibling_any
Q105803208,Q110290218,sibling_any
Q105803208,Q110441380,sibling_any
Q105803208,Q110441484,sibling_any
Q105803208,Q110635115,sibling_any
Q105803208,Q116812674,sibling_any
Q105803208,Q135682229,sibling_any
Q105803208,Q96244059,sibling_any
Q105803208,Q98399850,sibling_any
Q105803210,Q110662599,sibling_any
Q105803210,Q75961237,sibling_any
Q105803219,Q110067802,sibling_any
Q105803219,Q110414097,sibling_any
Q105803219,Q110582273,sibling_any
Q105803219,Q76214389,sibling_any
Q105803226,Q76273226,sibling_any
Q105803227,Q116147489,sibling_any
Q105803228,Q110290323,sibling_any
Q105803228,Q110390618,sibling_any
Q105803228,Q116147485,sibling_any
Q105803228,Q130340340,sibling_any
Q105803228,Q99069899,sibling_any
Q105803228,Q99082619,sibling_any
Q105803230,Q110290381,sibling_any
Q105803230,Q116156581,sibling_any
Q105803230,Q116156604,sibling_any
Q105803230,Q116478545,sibling_any
Q105803230,Q99066709,sibling_any
Q105805051,Q99069983,sibling_any
Q105805204,Q61895870,sibling_any
Q105805206,Q83372603,sibling_any
Q105805964,Q18730241,sibling_any
Q105805964,Q27990227,sibling_any
Q105814234,Q110290760,sibling_any
Q105814234,Q110389233,sibling_any
Q105814234,Q116812709,sibling_any
Q105814234,Q76048583,sibling_any
Q105814234,Q76214402,sibling_any
Q105814234,Q76273231,sibling_any
Q105814299,Q110439571,sibling_any
Q105814299,Q75241252,sibling_any
Q105814299,Q99068428,sibling_any
Q105814299,Q99070448,sibling_any
Q105814328,Q96243998,sibling_any
Q105814336,Q110414098,sibling_any
Q105814336,Q96243838,sibling_any
Q105814336,Q96244022,sibling_any
Q105814336,Q99302473,sibling_any
Q105814392,Q116146762,sibling_any
Q105814392,Q136506456,sibling_any
Q105814392,Q99082569,sibling_any
Q105814399,Q116148115,sibling_any
Q105815259,Q99803961,sibling_any
Q105815261,Q99804153,sibling_any
Q105815865,Q105815877,sibling_any
Q105815865,Q110290363,sibling_any
Q105815865,Q110441818,sibling_any
Q105815865,Q110635799,sibling_any
Q105815865,Q116145528,sibling_any
Q105815865,Q116478520,sibling_any
Q105815865,Q96244056,sibling_any
Q105815865,Q99066781,sibling_any
Q105815874,Q110441308,sibling_any
Q105815874,Q116478542,sibling_any
Q105815874,Q116479724,sibling_any
Q105815874,Q117306877,sibling_any
Q105815874,Q76283072,sibling_any
Q105815877,Q110290363,sibling_any
Q105815877,Q110441818,sibling_any
Q105815877,Q110635799,sibling_any
Q105815877,Q116145528,sibling_any
Q105815877,Q116478520,sibling_any
Q105815877,Q96244056,sibling_any
Q105815877,Q99066781,sibling_any
Q105816792,Q110067038,sibling_any
Q105816792,Q75792222,sibling_any
Q105818329,Q110413550,sibling_any
Q105818329,Q117305996,sibling_any
Q105818329,Q117306787,sibling_any
Q105818329,Q76273185,sibling_any
Q105818329,Q76273211,sibling_any
Q105818329,Q99082491,sibling_any
Q105820812,Q75586469,sibling_any
Q105820812,Q76154814,sibling_any
Q105820812,Q76154864,sibling_any
Q105820812,Q76326562,sibling_any
Q105820812,Q76326564,sibling_any
Q105820812,Q76326566,sibling_any
Q105820812,Q76326567,sibling_any
Q105820812,Q76326569,sibling_any
Q105820812,Q76326571,sibling_any
Q105821250,Q98967081,sibling_any
Q105821280,Q75552096,sibling_any
Q105821280,Q75669363,sibling_any
Q105821280,Q75984685,sibling_any
Q105821280,Q99069929,sibling_any
Q105821280,Q99674956,sibling_any
Q105842388,Q107263388,sibling_any
Q105842388,Q96311655,sibling_any
Q105871915,Q110290124,sibling_any
Q105871915,Q110290650,sibling_any
Q105871915,Q99066727,sibling_any
Q105872025,Q110315923,sibling_any
Q105872441,Q136243199,sibling_any
Q105872441,Q61911816,sibling_any
Q105872441,Q75613020,sibling_any
Q105872441,Q75769369,sibling_any
Q105872441,Q96075964,sibling_any
Q105873237,Q76165866,sibling_any
Q105873559,Q75791771,sibling_any
Q105873559,Q76154931,sibling_any
Q105877768,Q113336067,sibling_any
Q105877768,Q115287292,sibling_any
Q105877768,Q16854048,sibling_any
Q105877768,Q96216128,sibling_any
Q105877768,Q97103884,sibling_any
Q105881952,Q126890776,sibling_any
Q105881952,Q128210460,sibling_any
Q105881952,Q129679148,sibling_any
Q105881952,Q131154569,sibling_any
Q105881956,Q108687502,sibling_any
Q105881957,Q5339478,sibling_any
Q105881957,Q76331526,sibling_any
Q105901127,Q96201228,sibling_any
Q105904625,Q108102597,sibling_any
Q105904628,Q106840898,sibling_any
Q105904628,Q121856312,sibling_any
Q105904628,Q7324902,sibling_any
Q105904628,Q89267333,sibling_any
Q105904628,Q91807710,sibling_any
Q105904628,Q96202293,sibling_any
Q106630013,Q135582897,sibling_any
Q106637360,Q116180393,sibling_any
Q106637360,Q76331285,sibling_any
Q106703058,Q111465022,sibling_any
Q106703060,Q75774984,sibling_any
Q106703060,Q75958840,sibling_any
Q106703520,Q18535667,sibling_any
Q106703520,Q6758768,sibling_any
Q106703520,Q7321853,sibling_any
Q106703520,Q76273220,sibling_any
Q106840898,Q121856312,sibling_any
Q106840898,Q7324902,sibling_any
Q106840898,Q89267333,sibling_any
Q106840898,Q91807710,sibling_any
Q106840898,Q96202293,sibling_any
Q107182874,Q107182881,sibling_any
Q107182874,Q107182930,sibling_any
Q107182874,Q117450284,sibling_any
Q107182874,Q15441072,sibling_any
Q107182881,Q107182930,sibling_any
Q107182881,Q117450284,sibling_any
Q107182881,Q15441072,sibling_any
Q107182892,Q116924148,sibling_any
Q107182892,Q76197509,sibling_any
Q107182892,Q96414252,sibling_any
Q107182892,Q97536585,sibling_any
Q107182892,Q98103768,sibling_any
Q107182929,Q107182982,sibling_any
Q107182929,Q108678485,sibling_any
Q107182929,Q109688636,sibling_any
Q107182929,Q121686207,sibling_any
Q107182929,Q123930131,sibling_any
Q107182929,Q96202585,sibling_any
Q107182930,Q117450284,sibling_any
Q107182930,Q15441072,sibling_any
Q107182982,Q108678485,sibling_any
Q107182982,Q109688636,sibling_any
Q107182982,Q121686207,sibling_any
Q107182982,Q123930131,sibling_any
Q107182982,Q96202585,sibling_any
Q107263364,Q107275540,sibling_any
Q107263364,Q76359829,sibling_any
Q107263364,Q99803980,sibling_any
Q107263368,Q110615670,sibling_any
Q107263368,Q116026824,sibling_any
Q107263368,Q99804021,sibling_any
Q107263388,Q96311655,sibling_any
Q107275528,Q76277952,sibling_any
Q107275528,Q99803765,sibling_any
Q107275540,Q76359829,sibling_any
Q107275540,Q99803980,sibling_any
Q107276596,Q15441865,sibling_any
Q107276596,Q75927711,sibling_any
Q107276596,Q75927714,sibling_any
Q107276596,Q75927717,sibling_any
Q107276596,Q75927719,sibling_any
Q107276596,Q75927722,sibling_any
Q107276596,Q75927725,sibling_any
Q107276596,Q75927726,sibling_any
Q107276596,Q75927729,sibling_any
Q107279015,Q110439078,sibling_any
Q107279015,Q76154818,sibling_any
Q107279015,Q76165879,sibling_any
Q107279039,Q75241193,sibling_any
Q107279081,Q75241175,sibling_any
Q107279081,Q75811436,sibling_any
Q107279081,Q76277946,sibling_any
Q107279081,Q76277947,sibling_any
Q107302831,Q75764614,sibling_any
Q107302831,Q99902210,sibling_any
Q107302831,Q99902308,sibling_any
Q107311251,Q75764741,sibling_any
Q107311251,Q99769232,sibling_any
Q107622034,Q107726773,sibling_any
Q107622034,Q123991823,sibling_any
Q107726773,Q123991823,sibling_any
Q108102593,Q117289934,sibling_any
Q108102593,Q121856383,sibling_any
Q108102593,Q121863279,sibling_any
Q108102593,Q125986300,sibling_any
Q108102593,Q96201241,sibling_any
Q108102594,Q96778288,sibling_any
Q108102594,Q96778436,sibling_any
Q108102594,Q96778504,sibling_any
Q108639142,Q96201211,sibling_any
Q108678485,Q109688636,sibling_any
Q108678485,Q121686207,sibling_any
Q108678485,Q123930131,sibling_any
Q108678485,Q96202585,sibling_any
Q108687426,Q108852636,sibling_any
Q108687426,Q25183361,sibling_any
Q108687426,Q96480382,sibling_any
Q108688237,Q131355888,sibling_any
Q108688237,Q92327581,sibling_any
Q108688237,Q96372447,sibling_any
Q108688237,Q96413885,sibling_any
Q108688237,Q97041384,sibling_any
Q108688237,Q99856316,sibling_any
Q108852634,Q110653616,sibling_any
Q108852634,Q110653629,sibling_any
Q108852634,Q115575022,sibling_any
Q108852634,Q115575171,sibling_any
Q108852634,Q115575390,sibling_any
Q108852634,Q115575415,sibling_any
Q108852634,Q116459886,sibling_any
Q108852634,Q130919959,sibling_any
Q108852634,Q131356643,sibling_any
Q108852636,Q25183361,sibling_any
Q108852636,Q96480382,sibling_any
Q108913086,Q18672778,sibling_any
Q108913086,Q75241183,sibling_any
Q108913086,Q75616820,sibling_any
Q108913086,Q76329294,sibling_any
Q109688636,Q121686207,sibling_any
Q109688636,Q123930131,sibling_any
Q109688636,Q96202585,sibling_any
Q109733549,Q118164050,sibling_any
Q109733549,Q96201184,sibling_any
Q109733549,Q96215902,sibling_any
Q109852879,Q110639014,sibling_any
Q109852879,Q75771276,sibling_any
Q109852879,Q76353305,sibling_any
Q110066650,Q98967523,sibling_any
Q110067038,Q75792222,sibling_any
Q110067063,Q75965997,sibling_any
Q110067063,Q96778118,sibling_any
Q110067527,Q111971814,sibling_any
Q110067527,Q75610279,sibling_any
Q110067527,Q75926168,sibling_any
Q110067527,Q75926346,sibling_any
Q110067527,Q75926350,sibling_any
Q110067527,Q75926351,sibling_any
Q110067527,Q75926456,sibling_any
Q110067527,Q75926799,sibling_any
Q110067527,Q8007044,sibling_any
Q110067748,Q122361445,sibling_any
Q110067748,Q136506456,sibling_any
Q110067748,Q75241245,sibling_any
Q110067779,Q110636352,sibling_any
Q110067779,Q75247595,sibling_any
Q110067779,Q99070276,sibling_any
Q110067802,Q110414097,sibling_any
Q110067802,Q110582273,sibling_any
Q110067802,Q76214389,sibling_any
Q110067840,Q110290322,sibling_any
Q110067840,Q110635335,sibling_any
Q110067840,Q110635733,sibling_any
Q110067840,Q130339177,sibling_any
Q110067840,Q130339229,sibling_any
Q110067841,Q99070370,sibling_any
Q110067846,Q110290615,sibling_any
Q110067846,Q110439568,sibling_any
Q110067846,Q18203821,sibling_any
Q110067846,Q18535667,sibling_any
Q110067846,Q6758768,sibling_any
Q110067846,Q7321853,sibling_any
Q110067846,Q76273220,sibling_any
Q110152890,Q116054596,sibling_any
Q110152890,Q130339412,sibling_any
Q110152890,Q75776431,sibling_any
Q110248869,Q99804028,sibling_any
Q110290123,Q110290362,sibling_any
Q110290123,Q110441495,sibling_any
Q110290123,Q75961234,sibling_any
Q110290124,Q110290650,sibling_any
Q110290124,Q99066727,sibling_any
Q110290140,Q110635570,sibling_any
Q110290140,Q96243991,sibling_any
Q110290212,Q96244002,sibling_any
Q110290213,Q110290595,sibling_any
Q110290213,Q110441759,sibling_any
Q110290213,Q96244053,sibling_any
Q110290213,Q99070237,sibling_any
Q110290214,Q110635525,sibling_any
Q110290214,Q99070343,sibling_any
Q110290218,Q110441380,sibling_any
Q110290218,Q110441484,sibling_any
Q110290218,Q110635115,sibling_any
Q110290218,Q116812674,sibling_any
Q110290218,Q135682229,sibling_any
Q110290218,Q96244059,sibling_any
Q110290218,Q98399850,sibling_any
Q110290288,Q110413433,sibling_any
Q110290288,Q116054866,sibling_any
Q110290288,Q116147728,sibling_any
Q110290288,Q116477835,sibling_any
Q110290288,Q99072497,sibling_any
Q110290288,Q99073219,sibling_any
Q110290321,Q110290420,sibling_any
Q110290321,Q110441357,sibling_any
Q110290321,Q116812713,sibling_any
Q110290322,Q110635335,sibling_any
Q110290322,Q110635733,sibling_any
Q110290322,Q130339177,sibling_any
Q110290322,Q130339229,sibling_any
Q110290323,Q110390618,sibling_any
Q110290323,Q116147485,sibling_any
Q110290323,Q130340340,sibling_any
Q110290323,Q99069899,sibling_any
Q110290323,Q99082619,sibling_any
Q110290324,Q122361552,sibling_any
Q110290325,Q116147488,sibling_any
Q110290362,Q110441495,sibling_any
Q110290362,Q75961234,sibling_any
Q110290363,Q110441818,sibling_any
Q110290363,Q110635799,sibling_any
Q110290363,Q116145528,sibling_any
Q110290363,Q116478520,sibling_any
Q110290363,Q96244056,sibling_any
Q110290363,Q99066781,sibling_any
Q110290366,Q99070287,sibling_any
Q110290367,Q110441439,sibling_any
Q110290367,Q110441477,sibling_any
Q110290367,Q110635206,sibling_any
Q110290367,Q116477683,sibling_any
Q110290367,Q75387589,sibling_any
Q110290369,Q110439565,sibling_any
Q110290369,Q99070028,sibling_any
Q110290369,Q99070143,sibling_any
Q110290374,Q110441561,sibling_any
Q110290374,Q110635333,sibling_any
Q110290374,Q116147758,sibling_any
Q110290374,Q116155939,sibling_any
Q110290374,Q116477987,sibling_any
Q110290374,Q130340475,sibling_any
Q110290374,Q75961232,sibling_any
Q110290377,Q110441345,sibling_any
Q110290377,Q110636637,sibling_any
Q110290377,Q112533675,sibling_any
Q110290377,Q116477955,sibling_any
Q110290377,Q96243995,sibling_any
Q110290381,Q116156581,sibling_any
Q110290381,Q116156604,sibling_any
Q110290381,Q116478545,sibling_any
Q110290381,Q99066709,sibling_any
Q110290420,Q110441357,sibling_any
Q110290420,Q116812713,sibling_any
Q110290444,Q56176617,sibling_any
Q110290444,Q99068480,sibling_any
Q110290447,Q110635332,sibling_any
Q110290447,Q110635724,sibling_any
Q110290447,Q117306894,sibling_any
Q110290447,Q130338874,sibling_any
Q110290447,Q96244000,sibling_any
Q110290447,Q99070408,sibling_any
Q110290454,Q110636771,sibling_any
Q110290455,Q110582467,sibling_any
Q110290456,Q110441347,sibling_any
Q110290456,Q76273228,sibling_any
Q110290457,Q116478782,sibling_any
Q110290457,Q96244025,sibling_any
Q110290457,Q99070430,sibling_any
Q110290488,Q117306773,sibling_any
Q110290488,Q96244009,sibling_any
Q110290595,Q110441759,sibling_any
Q110290595,Q96244053,sibling_any
Q110290595,Q99070237,sibling_any
Q110290615,Q110439568,sibling_any
Q110290615,Q18203821,sibling_any
Q110290615,Q18535667,sibling_any
Q110290615,Q6758768,sibling_any
Q110290615,Q7321853,sibling_any
Q110290615,Q76273220,sibling_any
Q110290650,Q99066727,sibling_any
Q110290732,Q117307150,sibling_any
Q110290732,Q130648366,sibling_any
Q110290732,Q18821787,sibling_any
Q110290732,Q76214372,sibling_any
Q110290732,Q76214373,sibling_any
Q110290760,Q110389233,sibling_any
Q110290760,Q116812709,sibling_any
Q110290760,Q76048583,sibling_any
Q110290760,Q76214402,sibling_any
Q110290760,Q76273231,sibling_any
Q110314384,Q112382969,sibling_any
Q110314384,Q98967073,sibling_any
Q110315639,Q116145424,sibling_any
Q110315639,Q58327962,sibling_any
Q110315639,Q90177625,sibling_any
Q110315640,Q75241204,sibling_any
Q110315640,Q76322600,sibling_any
Q110315640,Q96318406,sibling_any
Q110388260,Q99804061,sibling_any
Q110388713,Q96244029,sibling_any
Q110388713,Q99068529,sibling_any
Q110388809,Q75241251,sibling_any
Q110388809,Q75958880,sibling_any
Q110389233,Q116812709,sibling_any
Q110389233,Q76048583,sibling_any
Q110389233,Q76214402,sibling_any
Q110389233,Q76273231,sibling_any
Q110390618,Q116147485,sibling_any
Q110390618,Q130340340,sibling_any
Q110390618,Q99069899,sibling_any
Q110390618,Q99082619,sibling_any
Q110395388,Q116042288,sibling_any
Q110395388,Q75241165,sibling_any
Q110395388,Q75387414,sibling_any
Q110395388,Q75565176,sibling_any
Q110398821,Q75794120,sibling_any
Q110398821,Q76241015,sibling_any
Q110398821,Q99804002,sibling_any
Q110413433,Q116054866,sibling_any
Q110413433,Q116147728,sibling_any
Q110413433,Q116477835,sibling_any
Q110413433,Q99072497,sibling_any
Q110413433,Q99073219,sibling_any
Q110413550,Q117305996,sibling_any
Q110413550,Q117306787,sibling_any
Q110413550,Q76273185,sibling_any
Q110413550,Q76273211,sibling_any
Q110413550,Q99082491,sibling_any
Q110413620,Q76273222,sibling_any
Q110414057,Q116146711,sibling_any
Q110414057,Q116155953,sibling_any
Q110414057,Q130358745,sibling_any
Q110414057,Q130358785,sibling_any
Q110414057,Q131347206,sibling_any
Q110414057,Q133461301,sibling_any
Q110414057,Q96244028,sibling_any
Q110414097,Q110582273,sibling_any
Q110414097,Q76214389,sibling_any
Q110414098,Q96243838,sibling_any
Q110414098,Q96244022,sibling_any
Q110414098,Q99302473,sibling_any
Q110427118,Q75926796,sibling_any
Q110427118,Q98967062,sibling_any
Q110439050,Q136336570,sibling_any
Q110439050,Q6256452,sibling_any
Q110439050,Q76153757,sibling_any
Q110439050,Q76323842,sibling_any
Q110439078,Q76154818,sibling_any
Q110439078,Q76165879,sibling_any
Q110439565,Q99070028,sibling_any
Q110439565,Q99070143,sibling_any
Q110439568,Q18203821,sibling_any
Q110439568,Q18535667,sibling_any
Q110439568,Q6758768,sibling_any
Q110439568,Q7321853,sibling_any
Q110439568,Q76273220,sibling_any
Q110439571,Q75241252,sibling_any
Q110439571,Q99068428,sibling_any
Q110439571,Q99070448,sibling_any
Q110440649,Q99803842,sibling_any
Q110441294,Q99069827,sibling_any
Q110441300,Q110441302,sibling_any
Q110441300,Q110441662,sibling_any
Q110441300,Q116479588,sibling_any
Q110441300,Q130358908,sibling_any
Q110441300,Q99070397,sibling_any
Q110441302,Q110441662,sibling_any
Q110441302,Q116479588,sibling_any
Q110441302,Q130358908,sibling_any
Q110441302,Q99070397,sibling_any
Q110441308,Q116478542,sibling_any
Q110441308,Q116479724,sibling_any
Q110441308,Q117306877,sibling_any
Q110441308,Q76283072,sibling_any
Q110441345,Q110636637,sibling_any
Q110441345,Q112533675,sibling_any
Q110441345,Q116477955,sibling_any
Q110441345,Q96243995,sibling_any
Q110441347,Q76273228,sibling_any
Q110441357,Q116812713,sibling_any
Q110441380,Q110441484,sibling_any
Q110441380,Q110635115,sibling_any
Q110441380,Q116812674,sibling_any
Q110441380,Q135682229,sibling_any
Q110441380,Q96244059,sibling_any
Q110441380,Q98399850,sibling_any
Q110441439,Q110441477,sibling_any
Q110441439,Q110635206,sibling_any
Q110441439,Q116477683,sibling_any
Q110441439,Q75387589,sibling_any
Q110441477,Q110635206,sibling_any
Q110441477,Q116477683,sibling_any
Q110441477,Q75387589,sibling_any
Q110441484,Q110635115,sibling_any
Q110441484,Q116812674,sibling_any
Q110441484,Q135682229,sibling_any
Q110441484,Q96244059,sibling_any
Q110441484,Q98399850,sibling_any
Q110441495,Q75961234,sibling_any
Q110441504,Q117306898,sibling_any
Q110441504,Q99070269,sibling_any
Q110441561,Q110635333,sibling_any
Q110441561,Q116147758,sibling_any
Q110441561,Q116155939,sibling_any
Q110441561,Q116477987,sibling_any
Q110441561,Q117306996,sibling_any
Q110441561,Q130340470,sibling_any
Q110441561,Q130340475,sibling_any
Q110441561,Q75961232,sibling_any
Q110441662,Q116479588,sibling_any
Q110441662,Q130358908,sibling_any
Q110441662,Q99070397,sibling_any
Q110441723,Q75961229,sibling_any
Q110441759,Q96244053,sibling_any
Q110441759,Q99070237,sibling_any
Q110441818,Q110635799,sibling_any
Q110441818,Q116145528,sibling_any
Q110441818,Q116478520,sibling_any
Q110441818,Q96244056,sibling_any
Q110441818,Q99066781,sibling_any
Q110441833,Q99070243,sibling_any
Q110441833,Q99070257,sibling_any
Q110507661,Q99804269,sibling_any
Q110521016,Q51862057,sibling_any
Q110521016,Q61962932,sibling_any
Q110521016,Q75299012,sibling_any
Q110521016,Q76154646,sibling_any
Q110526216,Q75443653,sibling_any
Q110582255,Q75552091,sibling_any
Q110582255,Q76331438,sibling_any
Q110582273,Q76214389,sibling_any
Q110586133,Q116125148,sibling_any
Q110586133,Q130340641,sibling_any
Q110615670,Q116026824,sibling_any
Q110615670,Q99804021,sibling_any
Q110615916,Q99803952,sibling_any
Q110635115,Q116812674,sibling_any
Q110635115,Q135682229,sibling_any
Q110635115,Q96244059,sibling_any
Q110635115,Q98399850,sibling_any
Q110635170,Q7329644,sibling_any
Q110635203,Q75961225,sibling_any
Q110635203,Q99070257,sibling_any
Q110635206,Q116477683,sibling_any
Q110635206,Q75387589,sibling_any
Q110635290,Q96244032,sibling_any
Q110635332,Q110635724,sibling_any
Q110635332,Q117306894,sibling_any
Q110635332,Q130338874,sibling_any
Q110635332,Q96244000,sibling_any
Q110635332,Q99070408,sibling_any
Q110635333,Q116147758,sibling_any
Q110635333,Q116155939,sibling_any
Q110635333,Q116477987,sibling_any
Q110635333,Q130340475,sibling_any
Q110635333,Q75961232,sibling_any
Q110635335,Q110635733,sibling_any
Q110635335,Q130339177,sibling_any
Q110635335,Q130339229,sibling_any
Q110635525,Q99070343,sibling_any
Q110635570,Q96243991,sibling_any
Q110635724,Q117306894,sibling_any
Q110635724,Q130338874,sibling_any
Q110635724,Q96244000,sibling_any
Q110635724,Q99070408,sibling_any
Q110635733,Q130339177,sibling_any
Q110635733,Q130339229,sibling_any
Q110635735,Q99070363,sibling_any
Q110635799,Q116145528,sibling_any
Q110635799,Q116478520,sibling_any
Q110635799,Q96244056,sibling_any
Q110635799,Q99066781,sibling_any
Q110636352,Q75247595,sibling_any
Q110636352,Q99070276,sibling_any
Q110636355,Q116478530,sibling_any
Q110636355,Q96244038,sibling_any
Q110636509,Q110637025,sibling_any
Q110636509,Q99066717,sibling_any
Q110636509,Q99070297,sibling_any
Q110636637,Q112533675,sibling_any
Q110636637,Q116477955,sibling_any
Q110636637,Q96243995,sibling_any
Q110636843,Q7351373,sibling_any
Q110636843,Q76048561,sibling_any
Q110636843,Q99070350,sibling_any
Q110636987,Q76214393,sibling_any
Q110636987,Q96244019,sibling_any
Q110637025,Q99066717,sibling_any
Q110637025,Q99070297,sibling_any
Q110637470,Q116108311,sibling_any
Q110639014,Q75771276,sibling_any
Q110639014,Q76353305,sibling_any
Q110653616,Q110653629,sibling_any
Q110653616,Q115575022,sibling_any
Q110653616,Q115575171,sibling_any
Q110653616,Q115575390,sibling_any
Q110653616,Q115575415,sibling_any
Q110653616,Q116459886,sibling_any
Q110653616,Q130919959,sibling_any
Q110653616,Q131356643,sibling_any
Q110653629,Q115575022,sibling_any
Q110653629,Q115575171,sibling_any
Q110653629,Q115575390,sibling_any
Q110653629,Q115575415,sibling_any
Q110653629,Q116459886,sibling_any
Q110653629,Q130919959,sibling_any
Q110653629,Q131356643,sibling_any
Q110662599,Q75961237,sibling_any
Q110730675,Q61911767,sibling_any
Q111452933,Q26218366,sibling_any
Q111452933,Q27956858,sibling_any
Q111452933,Q75420128,sibling_any
Q111452933,Q75420130,sibling_any
Q111452933,Q76008792,sibling_any
Q111452933,Q76008794,sibling_any
Q111452933,Q76008795,sibling_any
Q111452933,Q7607464,sibling_any
Q111452933,Q98967174,sibling_any
Q111466622,Q7529771,sibling_any
Q111466622,Q75826767,sibling_any
Q111466622,Q76332923,sibling_any
Q111466622,Q76332924,sibling_any
Q111525144,Q99804378,sibling_any
Q111863595,Q18922323,sibling_any
Q111863595,Q98967076,sibling_any
Q111917395,Q75764741,sibling_any
Q111917395,Q99769232,sibling_any
Q111971814,Q75610279,sibling_any
Q111971814,Q75926168,sibling_any
Q111971814,Q75926346,sibling_any
Q111971814,Q75926350,sibling_any
Q111971814,Q75926351,sibling_any
Q111971814,Q75926456,sibling_any
Q111971814,Q75926799,sibling_any
Q111971814,Q8007044,sibling_any
Q111996102,Q75794116,sibling_any
Q112219957,Q114436518,sibling_any
Q112219957,Q75508292,sibling_any
Q112219957,Q96197983,sibling_any
Q112219957,Q96198426,sibling_any
Q112219957,Q96198428,sibling_any
Q112219957,Q96337991,sibling_any
Q112219957,Q96338043,sibling_any
Q112382716,Q75793830,sibling_any
Q112382969,Q98967073,sibling_any
Q112382975,Q75248236,sibling_any
Q112382975,Q76253975,sibling_any
Q112531178,Q116147659,sibling_any
Q112531178,Q130338909,sibling_any
Q112531178,Q96244030,sibling_any
Q112533675,Q116477955,sibling_any
Q112533675,Q96243995,sibling_any
Q112943051,Q127227267,sibling_any
Q112943051,Q52846541,sibling_any
Q112943051,Q5343554,sibling_any
Q112943139,Q75400614,sibling_any
Q113336067,Q115287292,sibling_any
Q113336067,Q16854048,sibling_any
Q113336067,Q96216128,sibling_any
Q113336067,Q97103884,sibling_any
Q114341842,Q114797156,sibling_any
Q114341842,Q114797165,sibling_any
Q114341842,Q114797199,sibling_any
Q114341842,Q124049000,sibling_any
Q114341842,Q126681359,sibling_any
Q114341843,Q75765694,sibling_any
Q114341843,Q96199083,sibling_any
Q114341843,Q98422877,sibling_any
Q114436518,Q75508292,sibling_any
Q114436518,Q96197983,sibling_any
Q114436518,Q96198426,sibling_any
Q114436518,Q96198428,sibling_any
Q114436518,Q96337991,sibling_any
Q114436518,Q96338043,sibling_any
Q114797128,Q114797157,sibling_any
Q114797128,Q114797208,sibling_any
Q114797128,Q114797209,sibling_any
Q114797128,Q119010127,sibling_any
Q114797128,Q124744652,sibling_any
Q114797128,Q96777045,sibling_any
Q114797156,Q114797165,sibling_any
Q114797156,Q114797199,sibling_any
Q114797156,Q124049000,sibling_any
Q114797156,Q126681359,sibling_any
Q114797157,Q114797208,sibling_any
Q114797157,Q114797209,sibling_any
Q114797157,Q119010127,sibling_any
Q114797157,Q124744652,sibling_any
Q114797157,Q96777045,sibling_any
Q114797163,Q129194160,sibling_any
Q114797165,Q114797199,sibling_any
Q114797165,Q124049000,sibling_any
Q114797165,Q126681359,sibling_any
Q114797199,Q124049000,sibling_any
Q114797199,Q126681359,sibling_any
Q114797208,Q114797209,sibling_any
Q114797208,Q119010127,sibling_any
Q114797208,Q124744652,sibling_any
Q114797208,Q96777045,sibling_any
Q114797209,Q119010127,sibling_any
Q114797209,Q124744652,sibling_any
Q114797209,Q96777045,sibling_any
Q114797984,Q96305877,sibling_any
Q114832034,Q115779527,sibling_any
Q114832034,Q99600447,sibling_any
Q115287292,Q16854048,sibling_any
Q115287292,Q96216128,sibling_any
Q115287292,Q97103884,sibling_any
Q115563954,Q131366956,sibling_any
Q115563954,Q75765858,sibling_any
Q115573795,Q115655966,sibling_any
Q115573795,Q115656448,sibling_any
Q115573795,Q115861033,sibling_any
Q115573795,Q115904050,sibling_any
Q115573795,Q129910745,sibling_any
Q115573795,Q131369585,sibling_any
Q115573795,Q97094276,sibling_any
Q115575022,Q115575171,sibling_any
Q115575022,Q115575390,sibling_any
Q115575022,Q115575415,sibling_any
Q115575022,Q116459886,sibling_any
Q115575022,Q130919959,sibling_any
Q115575022,Q131356643,sibling_any
Q115575170,Q96216562,sibling_any
Q115575171,Q115575390,sibling_any
Q115575171,Q115575415,sibling_any
Q115575171,Q116459886,sibling_any
Q115575171,Q130919959,sibling_any
Q115575171,Q131356643,sibling_any
Q115575390,Q115575415,sibling_any
Q115575390,Q116459886,sibling_any
Q115575390,Q130919959,sibling_any
Q115575390,Q131356643,sibling_any
Q115575415,Q116459886,sibling_any
Q115575415,Q130919959,sibling_any
Q115575415,Q131356643,sibling_any
Q115655966,Q115656448,sibling_any
Q115655966,Q115861033,sibling_any
Q115655966,Q115904050,sibling_any
Q115655966,Q129910745,sibling_any
Q115655966,Q131369585,sibling_any
Q115655966,Q97094276,sibling_any
Q115656445,Q125223690,sibling_any
Q115656445,Q125223923,sibling_any
Q115656445,Q125230058,sibling_any
Q115656448,Q115861033,sibling_any
Q115656448,Q115904050,sibling_any
Q115656448,Q129910745,sibling_any
Q115656448,Q131369585,sibling_any
Q115656448,Q97094276,sibling_any
Q115678575,Q75624098,sibling_any
Q115678575,Q76331283,sibling_any
Q115779527,Q99600447,sibling_any
Q115779540,Q127328853,sibling_any
Q115861033,Q115904050,sibling_any
Q115861033,Q129910745,sibling_any
Q115861033,Q131369585,sibling_any
Q115861033,Q97094276,sibling_any
Q115904050,Q129910745,sibling_any
Q115904050,Q131369585,sibling_any
Q115904050,Q97094276,sibling_any
Q116026824,Q99804021,sibling_any
Q116029022,Q99804286,sibling_any
Q116042263,Q96480775,sibling_any
Q116042288,Q75241165,sibling_any
Q116042288,Q75387414,sibling_any
Q116042288,Q75565176,sibling_any
Q116054227,Q76353307,sibling_any
Q116054343,Q122259973,sibling_any
Q116054343,Q16845627,sibling_any
Q116054485,Q75961235,sibling_any
Q116054596,Q130339412,sibling_any
Q116054596,Q75776431,sibling_any
Q116054866,Q116147728,sibling_any
Q116054866,Q116477835,sibling_any
Q116054866,Q99072497,sibling_any
Q116054866,Q99073219,sibling_any
Q116058827,Q61927402,sibling_any
Q116058827,Q75811441,sibling_any
Q116058827,Q75811446,sibling_any
Q116058827,Q99804421,sibling_any
Q116108905,Q75241251,sibling_any
Q116108912,Q18535774,sibling_any
Q116108912,Q317279,sibling_any
Q116108912,Q76273217,sibling_any
Q116108912,Q7851359,sibling_any
Q116110812,Q99070389,sibling_any
Q116115071,Q99070379,sibling_any
Q116118346,Q17479484,sibling_any
Q116125148,Q130340641,sibling_any
Q116136480,Q6257124,sibling_any
Q116136480,Q97568561,sibling_any
Q116145424,Q58327962,sibling_any
Q116145424,Q90177625,sibling_any
Q116145528,Q116478520,sibling_any
Q116145528,Q96244056,sibling_any
Q116145528,Q99066781,sibling_any
Q116146711,Q116155953,sibling_any
Q116146711,Q130358745,sibling_any
Q116146711,Q130358785,sibling_any
Q116146711,Q131347206,sibling_any
Q116146711,Q133461301,sibling_any
Q116146711,Q96244028,sibling_any
Q116146762,Q136506456,sibling_any
Q116146762,Q99082569,sibling_any
Q116147192,Q116155956,sibling_any
Q116147192,Q96244042,sibling_any
Q116147485,Q130340340,sibling_any
Q116147485,Q99069899,sibling_any
Q116147485,Q99082619,sibling_any
Q116147642,Q96244012,sibling_any
Q116147659,Q130338909,sibling_any
Q116147659,Q96244030,sibling_any
Q116147728,Q116477835,sibling_any
Q116147728,Q99072497,sibling_any
Q116147728,Q99073219,sibling_any
Q116147758,Q116155939,sibling_any
Q116147758,Q116477987,sibling_any
Q116147758,Q117306996,sibling_any
Q116147758,Q130340470,sibling_any
Q116147758,Q130340475,sibling_any
Q116147758,Q75961232,sibling_any
Q116147967,Q116148156,sibling_any
Q116147967,Q75961236,sibling_any
Q116147967,Q76048570,sibling_any
Q116148116,Q117307161,sibling_any
Q116148116,Q96244010,sibling_any
Q116148156,Q75961236,sibling_any
Q116148156,Q76048570,sibling_any
Q116155939,Q116477987,sibling_any
Q116155939,Q130340475,sibling_any
Q116155939,Q75961232,sibling_any
Q116155940,Q99070439,sibling_any
Q116155953,Q130358745,sibling_any
Q116155953,Q130358785,sibling_any
Q116155953,Q131347206,sibling_any
Q116155953,Q133461301,sibling_any
Q116155953,Q96244028,sibling_any
Q116155956,Q96244042,sibling_any
Q116155958,Q99069788,sibling_any
Q116156567,Q116478419,sibling_any
Q116156567,Q96244040,sibling_any
Q116156581,Q116156604,sibling_any
Q116156581,Q116478545,sibling_any
Q116156581,Q99066709,sibling_any
Q116156604,Q116478545,sibling_any
Q116156604,Q99066709,sibling_any
Q116168743,Q25712290,sibling_any
Q116168743,Q76201125,sibling_any
Q116168743,Q76220738,sibling_any
Q116171550,Q99804390,sibling_any
Q116174215,Q75769365,sibling_any
Q116177831,Q61913340,sibling_any
Q116177831,Q76174313,sibling_any
Q116177831,Q76183965,sibling_any
Q116177831,Q76345429,sibling_any
Q116177831,Q76345433,sibling_any
Q116177831,Q76345437,sibling_any
Q116177831,Q76345439,sibling_any
Q116177831,Q76358329,sibling_any
Q116180393,Q76331285,sibling_any
Q116265997,Q96305879,sibling_any
Q116459886,Q130919959,sibling_any
Q116459886,Q131356643,sibling_any
Q116477683,Q75387589,sibling_any
Q116477835,Q99072497,sibling_any
Q116477835,Q99073219,sibling_any
Q116477955,Q96243995,sibling_any
Q116477987,Q130340475,sibling_any
Q116477987,Q75961232,sibling_any
Q116478408,Q96244036,sibling_any
Q116478419,Q96244040,sibling_any
Q116478478,Q96244034,sibling_any
Q116478520,Q96244056,sibling_any
Q116478520,Q99066781,sibling_any
Q116478530,Q96244038,sibling_any
Q116478542,Q116479724,sibling_any
Q116478542,Q117306877,sibling_any
Q116478542,Q76283072,sibling_any
Q116478545,Q99066709,sibling_any
Q116478782,Q96244025,sibling_any
Q116478782,Q99070430,sibling_any
Q116479588,Q130358908,sibling_any
Q116479588,Q99070397,sibling_any
Q116479724,Q117306877,sibling_any
Q116479724,Q76283072,sibling_any
Q116480317,Q96219150,sibling_any
Q116812674,Q135682229,sibling_any
Q116812674,Q96244059,sibling_any
Q116812674,Q98399850,sibling_any
Q116812709,Q76048583,sibling_any
Q116812709,Q76214402,sibling_any
Q116812709,Q76273231,sibling_any
Q116868243,Q125604199,sibling_any
Q116868243,Q99769237,sibling_any
Q116924148,Q76197509,sibling_any
Q116924148,Q96414252,sibling_any
Q116924148,Q97536585,sibling_any
Q116924148,Q98103768,sibling_any
Q117289934,Q121856383,sibling_any
Q117289934,Q121863279,sibling_any
Q117289934,Q125986300,sibling_any
Q117289934,Q96201241,sibling_any
Q117305996,Q117306787,sibling_any
Q117305996,Q76273185,sibling_any
Q117305996,Q76273211,sibling_any
Q117305996,Q99082491,sibling_any
Q117306773,Q96244009,sibling_any
Q117306787,Q76273185,sibling_any
Q117306787,Q76273211,sibling_any
Q117306787,Q99082491,sibling_any
Q117306877,Q76283072,sibling_any
Q117306894,Q130338874,sibling_any
Q117306894,Q96244000,sibling_any
Q117306894,Q99070408,sibling_any
Q117306898,Q99070269,sibling_any
Q117306996,Q130340470,sibling_any
Q117306996,Q75961232,sibling_any
Q117307150,Q130648366,sibling_any
Q117307150,Q18821787,sibling_any
Q117307150,Q76214372,sibling_any
Q117307150,Q76214373,sibling_any
Q117307161,Q96244010,sibling_any
Q117450284,Q15441072,sibling_any
Q118164050,Q96201184,sibling_any
Q118164050,Q96215902,sibling_any
Q119010127,Q124744652,sibling_any
Q119010127,Q96777045,sibling_any
Q120326196,Q125417244,sibling_any
Q120326196,Q131447977,sibling_any
Q120326196,Q96216563,sibling_any
Q121394511,Q75765853,sibling_any
Q121394511,Q96237443,sibling_any
Q121686207,Q123930131,sibling_any
Q121686207,Q96202585,sibling_any
Q121856312,Q7324902,sibling_any
Q121856312,Q89267333,sibling_any
Q121856312,Q91807710,sibling_any
Q121856312,Q96202293,sibling_any
Q121856383,Q121863279,sibling_any
Q121856383,Q125986300,sibling_any
Q121856383,Q96201241,sibling_any
Q121863279,Q125986300,sibling_any
Q121863279,Q96201241,sibling_any
Q122259973,Q16845627,sibling_any
Q122260331,Q90162822,sibling_any
Q122261817,Q75764956,sibling_any
Q122361445,Q136506456,sibling_any
Q122361445,Q75241245,sibling_any
Q122362846,Q75972656,sibling_any
Q122362846,Q75972843,sibling_any
Q122364354,Q75433099,sibling_any
Q122364354,Q96311657,sibling_any
Q122364575,Q76031800,sibling_any
Q122364575,Q99803789,sibling_any
Q123336416,Q22302383,sibling_any
Q123668403,Q76197503,sibling_any
Q123729264,Q131179528,sibling_any
Q123729264,Q99399789,sibling_any
Q123930131,Q96202585,sibling_any
Q124007704,Q90163166,sibling_any
Q124007704,Q96201230,sibling_any
Q124007704,Q99249854,sibling_any
Q124049000,Q126681359,sibling_any
Q124066750,Q96076725,sibling_any
Q124704707,Q4725858,sibling_any
Q124704707,Q5362776,sibling_any
Q124704707,Q6205590,sibling_any
Q124704707,Q715792,sibling_any
Q124704707,Q75251080,sibling_any
Q124704707,Q75382747,sibling_any
Q124744652,Q96777045,sibling_any
Q125223690,Q125223923,sibling_any
Q125223690,Q125230058,sibling_any
Q125223889,Q125224172,sibling_any
Q125223889,Q125224210,sibling_any
Q125223889,Q131364646,sibling_any
Q125223923,Q125230058,sibling_any
Q125224172,Q125224210,sibling_any
Q125224172,Q131364646,sibling_any
Q125224210,Q131364646,sibling_any
Q125417224,Q131447983,sibling_any
Q125417224,Q96216560,sibling_any
Q125417244,Q131447977,sibling_any
Q125417244,Q96216563,sibling_any
Q125604199,Q99769237,sibling_any
Q125986300,Q96201241,sibling_any
Q126098281,Q130215751,sibling_any
Q126098281,Q132528670,sibling_any
Q126098283,Q130320501,sibling_any
Q126890776,Q128210460,sibling_any
Q126890776,Q129679148,sibling_any
Q126890776,Q131154569,sibling_any
Q127227267,Q52846541,sibling_any
Q127227267,Q5343554,sibling_any
Q127227841,Q75927688,sibling_any
Q127227841,Q76154851,sibling_any
Q128210460,Q129679148,sibling_any
Q128210460,Q131154569,sibling_any
Q128809143,Q135841386,sibling_any
Q128809143,Q96199475,sibling_any
Q129679148,Q131154569,sibling_any
Q129910745,Q131369585,sibling_any
Q129910745,Q97094276,sibling_any
Q130215751,Q132528670,sibling_any
Q130335812,Q98967081,sibling_any
Q130338874,Q96244000,sibling_any
Q130338874,Q99070408,sibling_any
Q130338909,Q96244030,sibling_any
Q130339177,Q130339229,sibling_any
Q130339232,Q99070332,sibling_any
Q130339411,Q75860163,sibling_any
Q130339411,Q96075968,sibling_any
Q130339411,Q98967092,sibling_any
Q130339412,Q75776431,sibling_any
Q130340340,Q99069899,sibling_any
Q130340340,Q99082619,sibling_any
Q130340374,Q75961231,sibling_any
Q130340374,Q76214376,sibling_any
Q130340470,Q75961232,sibling_any
Q130340475,Q75961232,sibling_any
Q130353223,Q75255418,sibling_any
Q130353223,Q96318426,sibling_any
Q130353227,Q75558031,sibling_any
Q130353227,Q8007582,sibling_any
Q130353227,Q98103245,sibling_any
Q130353227,Q98967083,sibling_any
Q130353227,Q99107561,sibling_any
Q130358745,Q130358785,sibling_any
Q130358745,Q131347206,sibling_any
Q130358745,Q133461301,sibling_any
Q130358745,Q96244028,sibling_any
Q130358785,Q131347206,sibling_any
Q130358785,Q133461301,sibling_any
Q130358785,Q96244028,sibling_any
Q130358908,Q99070397,sibling_any
Q130391297,Q27493894,sibling_any
Q130391297,Q3431392,sibling_any
Q130391297,Q61971749,sibling_any
Q130391297,Q75257696,sibling_any
Q130391297,Q75389443,sibling_any
Q130648060,Q75926037,sibling_any
Q130648060,Q75926039,sibling_any
Q130648366,Q18821787,sibling_any
Q130648366,Q76214372,sibling_any
Q130648366,Q76214373,sibling_any
Q130728660,Q96198423,sibling_any
Q130919959,Q131356643,sibling_any
Q130987089,Q99769145,sibling_any
Q130987089,Q99769198,sibling_any
Q130987089,Q99769425,sibling_any
Q131154601,Q75764954,sibling_any
Q131179528,Q99399789,sibling_any
Q131299979,Q131300012,sibling_any
Q131299979,Q131584766,sibling_any
Q131300008,Q131584775,sibling_any
Q131300012,Q131584766,sibling_any
Q131347206,Q133461301,sibling_any
Q131347206,Q96244028,sibling_any
Q131355888,Q92327581,sibling_any
Q131355888,Q96372447,sibling_any
Q131355888,Q96413885,sibling_any
Q131355888,Q97041384,sibling_any
Q131355888,Q99856316,sibling_any
Q131356672,Q96216561,sibling_any
Q131366956,Q75765858,sibling_any
Q131369585,Q97094276,sibling_any
Q131447977,Q96216563,sibling_any
Q131447983,Q96216560,sibling_any
Q131577421,Q75764610,sibling_any
Q131577421,Q96305878,sibling_any
Q131741162,Q96219189,sibling_any
Q131784453,Q4725958,sibling_any
Q131784453,Q75453577,sibling_any
Q131786919,Q6779107,sibling_any
Q131786919,Q96199479,sibling_any
Q131786919,Q96201661,sibling_any
Q131786919,Q97094795,sibling_any
Q131787330,Q96199478,sibling_any
Q131787330,Q97094802,sibling_any
Q131787339,Q97094808,sibling_any
Q132132332,Q97094807,sibling_any
Q133264155,Q96311647,sibling_any
Q133264155,Q96311742,sibling_any
Q133461211,Q75961236,sibling_any
Q133461211,Q76273180,sibling_any
Q133461301,Q96244028,sibling_any
Q134471606,Q5362782,sibling_any
Q135286366,Q135286433,sibling_any
Q135286366,Q96311147,sibling_any
Q135286433,Q96311147,sibling_any
Q135682229,Q96244059,sibling_any
Q135682229,Q98399850,sibling_any
Q135841386,Q96199475,sibling_any
Q136243199,Q61911816,sibling_any
Q136243199,Q75613020,sibling_any
Q136243199,Q75769369,sibling_any
Q136243199,Q96075964,sibling_any
Q136336570,Q6256452,sibling_any
Q136336570,Q76153757,sibling_any
Q136336570,Q76323842,sibling_any
Q136506456,Q75241245,sibling_any
Q136506456,Q99082569,sibling_any
Q136506497,Q99082540,sibling_any
Q14940017,Q4772162,sibling_any
Q14940017,Q75609668,sibling_any
Q14940017,Q75609676,sibling_any
Q14940017,Q75609679,sibling_any
Q14940017,Q75609681,sibling_any
Q14940017,Q75612429,sibling_any
Q14940017,Q96075543,sibling_any
Q15441865,Q75927711,sibling_any
Q15441865,Q75927714,sibling_any
Q15441865,Q75927717,sibling_any
Q15441865,Q75927719,sibling_any
Q15441865,Q75927722,sibling_any
Q15441865,Q75927725,sibling_any
Q15441865,Q75927726,sibling_any
Q15441865,Q75927729,sibling_any
Q15917318,Q16854050,sibling_any
Q15917318,Q99928371,sibling_any
Q16152750,Q90162863,sibling_any
Q16152750,Q92371644,sibling_any
Q16851845,Q16859354,sibling_any
Q16854048,Q96216128,sibling_any
Q16854048,Q97103884,sibling_any
Q16854049,Q96217463,sibling_any
Q16854050,Q99928371,sibling_any
Q16859779,Q96244272,sibling_any
Q16863406,Q76201129,sibling_any
Q1701151,Q26221371,sibling_any
Q1701151,Q61913375,sibling_any
Q1701151,Q6739909,sibling_any
Q1701151,Q75239847,sibling_any
Q1701151,Q75253659,sibling_any
Q17138647,Q5354429,sibling_any
Q17138647,Q6265597,sibling_any
Q17138647,Q711992,sibling_any
Q17138647,Q76263773,sibling_any
Q17140018,Q7344361,sibling_any
Q17140018,Q75574005,sibling_any
Q17140018,Q76268796,sibling_any
Q17140018,Q8009090,sibling_any
Q17140018,Q99067957,sibling_any
Q18203821,Q18535667,sibling_any
Q18203821,Q6758768,sibling_any
Q18203821,Q7321853,sibling_any
Q18203821,Q76273220,sibling_any
Q1840340,Q5233363,sibling_any
Q18531404,Q76297251,sibling_any
Q18531404,Q99767733,sibling_any
Q18535667,Q6758768,sibling_any
Q18535667,Q7321853,sibling_any
Q18535667,Q76273220,sibling_any
Q18535774,Q317279,sibling_any
Q18535774,Q76273217,sibling_any
Q18535774,Q7851359,sibling_any
Q18546885,Q18681528,sibling_any
Q18546885,Q75792220,sibling_any
Q18576361,Q75241172,sibling_any
Q18576361,Q75560944,sibling_any
Q18672619,Q96311202,sibling_any
Q18672778,Q75241183,sibling_any
Q18672778,Q75616820,sibling_any
Q18672778,Q76329294,sibling_any
Q18681528,Q75792220,sibling_any
Q18730241,Q27990227,sibling_any
Q18810612,Q18875700,sibling_any
Q18810612,Q75645598,sibling_any
Q18821787,Q76214372,sibling_any
Q18821787,Q76214373,sibling_any
Q18875700,Q75645598,sibling_any
Q18922323,Q98967076,sibling_any
Q20065311,Q75400613,sibling_any
Q20065311,Q75418812,sibling_any
Q20065311,Q75418817,sibling_any
Q20713522,Q96213070,sibling_any
Q2159225,Q61962934,sibling_any
Q2159225,Q75241186,sibling_any
Q2159225,Q75268130,sibling_any
Q2159225,Q76169677,sibling_any
Q2168348,Q75772979,sibling_any
Q2168348,Q76165875,sibling_any
Q2168348,Q76315785,sibling_any
Q2168348,Q76315786,sibling_any
Q2168348,Q76345016,sibling_any
Q22276668,Q22276670,sibling_any
Q22276668,Q292708,sibling_any
Q22276668,Q36215,sibling_any
Q22276670,Q292708,sibling_any
Q22276670,Q36215,sibling_any
Q23011254,Q23011256,sibling_any
Q23011254,Q23011257,sibling_any
Q23011256,Q23011257,sibling_any
Q23661898,Q75464240,sibling_any
Q23661898,Q75517094,sibling_any
Q23661898,Q76248176,sibling_any
Q23661898,Q99803886,sibling_any
Q23784752,Q312556,sibling_any
Q25183361,Q96480382,sibling_any
Q25712290,Q76201125,sibling_any
Q25712290,Q76220738,sibling_any
Q2581065,Q75257135,sibling_any
Q2581065,Q76238123,sibling_any
Q26218366,Q27956858,sibling_any
Q26218366,Q75420128,sibling_any
Q26218366,Q75420130,sibling_any
Q26218366,Q76008792,sibling_any
Q26218366,Q76008794,sibling_any
Q26218366,Q76008795,sibling_any
Q26218366,Q7607464,sibling_any
Q26218366,Q98967174,sibling_any
Q26221371,Q61913375,sibling_any
Q26221371,Q6739909,sibling_any
Q26221371,Q75239847,sibling_any
Q26221371,Q75253659,sibling_any
Q27493894,Q3431392,sibling_any
Q27493894,Q61971749,sibling_any
Q27493894,Q75257696,sibling_any
Q27493894,Q75389443,sibling_any
Q27956858,Q75420128,sibling_any
Q27956858,Q75420130,sibling_any
Q27956858,Q76008792,sibling_any
Q27956858,Q76008794,sibling_any
Q27956858,Q76008795,sibling_any
Q27956858,Q7607464,sibling_any
Q27956858,Q98967174,sibling_any
Q27978779,Q75271895,sibling_any
Q27978779,Q87653589,sibling_any
Q27978779,Q99066601,sibling_any
Q28321778,Q60627637,sibling_any
Q28321778,Q96318418,sibling_any
Q289571,Q484669,sibling_any
Q289571,Q736477,sibling_any
Q289571,Q741784,sibling_any
Q292708,Q36215,sibling_any
Q317279,Q76273217,sibling_any
Q317279,Q7851359,sibling_any
Q3431392,Q61971749,sibling_any
Q3431392,Q75257696,sibling_any
Q3431392,Q75389443,sibling_any
Q4079744,Q7173047,sibling_any
Q4079744,Q7647504,sibling_any
Q44507372,Q76165871,sibling_any
Q47213,Q56222319,sibling_any
Q4725858,Q5362776,sibling_any
Q4725858,Q6205590,sibling_any
Q4725858,Q715792,sibling_any
Q4725858,Q75251080,sibling_any
Q4725858,Q75382747,sibling_any
Q4725958,Q75453577,sibling_any
Q4772162,Q75609668,sibling_any
Q4772162,Q75609676,sibling_any
Q4772162,Q75609679,sibling_any
Q4772162,Q75609681,sibling_any
Q4772162,Q75612429,sibling_any
Q4772162,Q96075543,sibling_any
Q4772765,Q6240414,sibling_any
Q484669,Q736477,sibling_any
Q484669,Q741784,sibling_any
Q51857953,Q76183946,sibling_any
Q51857953,Q7964279,sibling_any
Q51862057,Q61962932,sibling_any
Q51862057,Q75299012,sibling_any
Q51862057,Q76154646,sibling_any
Q51862142,Q7351439,sibling_any
Q5284,Q92466067,sibling_any
Q5284,Q92466304,sibling_any
Q52846541,Q5343554,sibling_any
Q5339478,Q76331526,sibling_any
Q5341845,Q61913325,sibling_any
Q5341845,Q76165873,sibling_any
Q5341845,Q76183945,sibling_any
Q5341845,Q76345443,sibling_any
Q5341845,Q76345450,sibling_any
Q5341845,Q76345463,sibling_any
Q5341845,Q76345465,sibling_any
Q5354429,Q6265597,sibling_any
Q5354429,Q711992,sibling_any
Q5354429,Q76263773,sibling_any
Q5362663,Q75523325,sibling_any
Q5362776,Q6205590,sibling_any
Q5362776,Q715792,sibling_any
Q5362776,Q75251080,sibling_any
Q5362776,Q75382747,sibling_any
Q5553473,Q75774933,sibling_any
Q55721066,Q76197507,sibling_any
Q55721066,Q84284455,sibling_any
Q56176617,Q99068480,sibling_any
Q5722188,Q76101065,sibling_any
Q58327962,Q90177625,sibling_any
Q5930543,Q98967065,sibling_any
Q60627637,Q96318418,sibling_any
Q61895868,Q61913341,sibling_any
Q61911768,Q75933747,sibling_any
Q61911816,Q75613020,sibling_any
Q61911816,Q75769369,sibling_any
Q61911816,Q96075964,sibling_any
Q61913325,Q76165873,sibling_any
Q61913325,Q76183945,sibling_any
Q61913325,Q76345443,sibling_any
Q61913325,Q76345450,sibling_any
Q61913325,Q76345463,sibling_any
Q61913325,Q76345465,sibling_any
Q61913340,Q76174313,sibling_any
Q61913340,Q76183965,sibling_any
Q61913340,Q76345429,sibling_any
Q61913340,Q76345433,sibling_any
Q61913340,Q76345437,sibling_any
Q61913340,Q76345439,sibling_any
Q61913340,Q76358329,sibling_any
Q61913375,Q6739909,sibling_any
Q61913375,Q75239847,sibling_any
Q61913375,Q75253659,sibling_any
Q61927402,Q75811441,sibling_any
Q61927402,Q75811446,sibling_any
Q61927402,Q99804421,sibling_any
Q61962932,Q75299012,sibling_any
Q61962932,Q76154646,sibling_any
Q61962934,Q75241186,sibling_any
Q61962934,Q75268130,sibling_any
Q61962934,Q76169677,sibling_any
Q61963533,Q61971044,sibling_any
Q61971583,Q76183944,sibling_any
Q61971749,Q75257696,sibling_any
Q61971749,Q75389443,sibling_any
Q6205590,Q715792,sibling_any
Q6205590,Q75251080,sibling_any
Q6205590,Q75382747,sibling_any
Q6219518,Q75268879,sibling_any
Q6228565,Q75565179,sibling_any
Q6228565,Q75723425,sibling_any
Q6236610,Q96201232,sibling_any
Q6239433,Q6525377,sibling_any
Q6239433,Q96077371,sibling_any
Q6239433,Q99735441,sibling_any
Q6240151,Q91555997,sibling_any
Q6240151,Q91555999,sibling_any
Q6256452,Q76153757,sibling_any
Q6256452,Q76323842,sibling_any
Q6257124,Q97568561,sibling_any
Q6257369,Q98961916,sibling_any
Q6257376,Q75541548,sibling_any
Q6257376,Q76344535,sibling_any
Q6265597,Q711992,sibling_any
Q6265597,Q76263773,sibling_any
Q6290416,Q96219140,sibling_any
Q6525377,Q96077371,sibling_any
Q6525377,Q99735441,sibling_any
Q6739909,Q75239847,sibling_any
Q6739909,Q75253659,sibling_any
Q6758768,Q7321853,sibling_any
Q6758768,Q76273220,sibling_any
Q6779107,Q96199479,sibling_any
Q6779107,Q96201661,sibling_any
Q6779107,Q97094795,sibling_any
Q6792880,Q75401042,sibling_any
Q6792880,Q75926333,sibling_any
Q6792880,Q75926334,sibling_any
Q6792880,Q75926337,sibling_any
Q6793015,Q99068149,sibling_any
Q711992,Q76263773,sibling_any
Q715792,Q75251080,sibling_any
Q715792,Q75382747,sibling_any
Q7173047,Q7647504,sibling_any
Q720766,Q76021497,sibling_any
Q720766,Q88218120,sibling_any
Q7287258,Q75978217,sibling_any
Q7287258,Q76183947,sibling_any
Q7287258,Q76183949,sibling_any
Q7287258,Q76183957,sibling_any
Q7308908,Q7794998,sibling_any
Q7308908,Q98967094,sibling_any
Q7321853,Q76273220,sibling_any
Q7324124,Q75926793,sibling_any
Q7324124,Q75926807,sibling_any
Q7324902,Q89267333,sibling_any
Q7324902,Q91807710,sibling_any
Q7324902,Q96202293,sibling_any
Q7326109,Q98053399,sibling_any
Q7344361,Q75574005,sibling_any
Q7344361,Q76268796,sibling_any
Q7344361,Q8009090,sibling_any
Q7344361,Q99067957,sibling_any
Q7345699,Q75248362,sibling_any
Q7345699,Q75521043,sibling_any
Q7345699,Q76154810,sibling_any
Q7345699,Q76154879,sibling_any
Q7351373,Q76048561,sibling_any
Q7351373,Q99070350,sibling_any
Q736477,Q741784,sibling_any
Q75239847,Q75253659,sibling_any
Q75240092,Q75279212,sibling_any
Q75240092,Q75517581,sibling_any
Q75240092,Q76165878,sibling_any
Q75240092,Q76328218,sibling_any
Q75240092,Q76353308,sibling_any
Q75240092,Q76353310,sibling_any
Q75240092,Q76353312,sibling_any
Q75240092,Q76353313,sibling_any
Q75241165,Q75387414,sibling_any
Q75241165,Q75565176,sibling_any
Q75241172,Q75560944,sibling_any
Q75241175,Q75811436,sibling_any
Q75241175,Q76277946,sibling_any
Q75241175,Q76277947,sibling_any
Q75241183,Q75616820,sibling_any
Q75241183,Q76329294,sibling_any
Q75241186,Q75268130,sibling_any
Q75241186,Q76169677,sibling_any
Q75241198,Q99211427,sibling_any
Q75241204,Q76322600,sibling_any
Q75241204,Q96318406,sibling_any
Q75241212,Q75787328,sibling_any
Q75241212,Q934384,sibling_any
Q75241251,Q75958880,sibling_any
Q75241252,Q99068428,sibling_any
Q75241252,Q99070448,sibling_any
Q75241287,Q75248129,sibling_any
Q75241287,Q75248195,sibling_any
Q75241287,Q75248201,sibling_any
Q75241287,Q75248230,sibling_any
Q75241287,Q75248237,sibling_any
Q75247595,Q99070276,sibling_any
Q75248129,Q75248195,sibling_any
Q75248129,Q75248201,sibling_any
Q75248129,Q75248230,sibling_any
Q75248129,Q75248237,sibling_any
Q75248195,Q75248201,sibling_any
Q75248195,Q75248230,sibling_any
Q75248195,Q75248237,sibling_any
Q75248201,Q75248230,sibling_any
Q75248201,Q75248237,sibling_any
Q75248230,Q75248237,sibling_any
Q75248236,Q76253975,sibling_any
Q75248362,Q75521043,sibling_any
Q75248362,Q76154810,sibling_any
Q75248362,Q76154879,sibling_any
Q75251080,Q75382747,sibling_any
Q75255418,Q96318426,sibling_any
Q75257135,Q76238123,sibling_any
Q75257696,Q75389443,sibling_any
Q75268130,Q76169677,sibling_any
Q75271437,Q75418810,sibling_any
Q75271575,Q75420107,sibling_any
Q75271575,Q75420110,sibling_any
Q75271575,Q7795453,sibling_any
Q75271895,Q87653589,sibling_any
Q75271895,Q99066601,sibling_any
Q75271898,Q75401041,sibling_any
Q75271898,Q75645577,sibling_any
Q75271898,Q75955684,sibling_any
Q75279212,Q75517581,sibling_any
Q75279212,Q76165878,sibling_any
Q75279212,Q76328218,sibling_any
Q75279212,Q76353308,sibling_any
Q75279212,Q76353310,sibling_any
Q75279212,Q76353312,sibling_any
Q75279212,Q76353313,sibling_any
Q7529771,Q75826767,sibling_any
Q7529771,Q76332923,sibling_any
Q7529771,Q76332924,sibling_any
Q75299012,Q76154646,sibling_any
Q75299337,Q75981774,sibling_any
Q75299337,Q96318428,sibling_any
Q75382824,Q75446938,sibling_any
Q75382824,Q75587674,sibling_any
Q75382824,Q75771262,sibling_any
Q75387414,Q75565176,sibling_any
Q75387654,Q75933583,sibling_any
Q75389481,Q99082377,sibling_any
Q75400613,Q75418812,sibling_any
Q75400613,Q75418817,sibling_any
Q75401041,Q75645577,sibling_any
Q75401041,Q75955684,sibling_any
Q75401042,Q75926333,sibling_any
Q75401042,Q75926334,sibling_any
Q75401042,Q75926337,sibling_any
Q75401045,Q75675922,sibling_any
Q75401045,Q75776170,sibling_any
Q75401045,Q75926779,sibling_any
Q75401045,Q75927104,sibling_any
Q75401045,Q75927107,sibling_any
Q75401045,Q75927109,sibling_any
Q75401045,Q75927110,sibling_any
Q75401045,Q75927113,sibling_any
Q75401045,Q75927114,sibling_any
Q75401045,Q75927117,sibling_any
Q75401045,Q75927442,sibling_any
Q75401045,Q75927451,sibling_any
Q75401045,Q75927943,sibling_any
Q75418812,Q75418817,sibling_any
Q75420107,Q75420110,sibling_any
Q75420107,Q7795453,sibling_any
Q75420110,Q7795453,sibling_any
Q75420128,Q75420130,sibling_any
Q75420128,Q76008792,sibling_any
Q75420128,Q76008794,sibling_any
Q75420128,Q76008795,sibling_any
Q75420128,Q7607464,sibling_any
Q75420128,Q98967174,sibling_any
Q75420130,Q76008792,sibling_any
Q75420130,Q76008794,sibling_any
Q75420130,Q76008795,sibling_any
Q75420130,Q7607464,sibling_any
Q75420130,Q98967174,sibling_any
Q75433099,Q96311657,sibling_any
Q75443650,Q90177947,sibling_any
Q75446938,Q75587674,sibling_any
Q75446938,Q75771262,sibling_any
Q75464102,Q99804277,sibling_any
Q75464240,Q75517094,sibling_any
Q75464240,Q76248176,sibling_any
Q75464240,Q99803886,sibling_any
Q75508292,Q96197983,sibling_any
Q75508292,Q96198426,sibling_any
Q75508292,Q96198428,sibling_any
Q75508292,Q96337991,sibling_any
Q75508292,Q96338043,sibling_any
Q75517094,Q76248176,sibling_any
Q75517094,Q99803886,sibling_any
Q75517581,Q76165878,sibling_any
Q75517581,Q76328218,sibling_any
Q75517581,Q76353308,sibling_any
Q75517581,Q76353310,sibling_any
Q75517581,Q76353312,sibling_any
Q75517581,Q76353313,sibling_any
Q75520983,Q75521030,sibling_any
Q75520983,Q75521423,sibling_any
Q75521030,Q75521423,sibling_any
Q75521043,Q76154810,sibling_any
Q75521043,Q76154879,sibling_any
Q75541548,Q76344535,sibling_any
Q75552091,Q76331438,sibling_any
Q75552096,Q75669363,sibling_any
Q75552096,Q75984685,sibling_any
Q75552096,Q99069929,sibling_any
Q75552096,Q99674956,sibling_any
Q75556560,Q76196593,sibling_any
Q75558031,Q8007582,sibling_any
Q75558031,Q98103245,sibling_any
Q75558031,Q98967083,sibling_any
Q75558031,Q99107561,sibling_any
Q75565179,Q75723425,sibling_any
Q75574005,Q76268796,sibling_any
Q75574005,Q8009090,sibling_any
Q75574005,Q99067957,sibling_any
Q75577605,Q75765850,sibling_any
Q75577605,Q96216078,sibling_any
Q75586469,Q76154814,sibling_any
Q75586469,Q76154864,sibling_any
Q75586469,Q76326562,sibling_any
Q75586469,Q76326564,sibling_any
Q75586469,Q76326566,sibling_any
Q75586469,Q76326567,sibling_any
Q75586469,Q76326569,sibling_any
Q75586469,Q76326571,sibling_any
Q75587674,Q75771262,sibling_any
Q75591248,Q75791763,sibling_any
Q75591248,Q76201130,sibling_any
Q75609668,Q75609676,sibling_any
Q75609668,Q75609679,sibling_any
Q75609668,Q75609681,sibling_any
Q75609668,Q75612429,sibling_any
Q75609668,Q96075543,sibling_any
Q75609676,Q75609679,sibling_any
Q75609676,Q75609681,sibling_any
Q75609676,Q75612429,sibling_any
Q75609676,Q96075543,sibling_any
Q75609679,Q75609681,sibling_any
Q75609679,Q75612429,sibling_any
Q75609679,Q96075543,sibling_any
Q75609681,Q75612429,sibling_any
Q75609681,Q96075543,sibling_any
Q75610279,Q75926168,sibling_any
Q75610279,Q75926346,sibling_any
Q75610279,Q75926350,sibling_any
Q75610279,Q75926351,sibling_any
Q75610279,Q75926456,sibling_any
Q75610279,Q75926799,sibling_any
Q75610279,Q8007044,sibling_any
Q75612429,Q96075543,sibling_any
Q75613020,Q75769369,sibling_any
Q75613020,Q96075964,sibling_any
Q75616820,Q76329294,sibling_any
Q75618747,Q96244040,sibling_any
Q75624098,Q76331283,sibling_any
Q75645577,Q75955684,sibling_any
Q75669363,Q75984685,sibling_any
Q75669363,Q99069929,sibling_any
Q75669363,Q99674956,sibling_any
Q75674916,Q75760439,sibling_any
Q75674916,Q76218735,sibling_any
Q75674916,Q7964321,sibling_any
Q75675922,Q75776170,sibling_any
Q75675922,Q75926779,sibling_any
Q75675922,Q75927104,sibling_any
Q75675922,Q75927107,sibling_any
Q75675922,Q75927109,sibling_any
Q75675922,Q75927110,sibling_any
Q75675922,Q75927113,sibling_any
Q75675922,Q75927114,sibling_any
Q75675922,Q75927117,sibling_any
Q75675922,Q75927442,sibling_any
Q75675922,Q75927451,sibling_any
Q75675922,Q75927943,sibling_any
Q75760439,Q76218735,sibling_any
Q75760439,Q7964321,sibling_any
Q75764610,Q96305878,sibling_any
Q75764611,Q99904842,sibling_any
Q75764611,Q99906401,sibling_any
Q75764611,Q99907446,sibling_any
Q75764611,Q99907721,sibling_any
Q75764611,Q99912192,sibling_any
Q75764614,Q99902210,sibling_any
Q75764614,Q99902308,sibling_any
Q75764741,Q99769232,sibling_any
Q75765694,Q96199083,sibling_any
Q75765694,Q98422877,sibling_any
Q75765850,Q96216078,sibling_any
Q75765853,Q96237443,sibling_any
Q75769367,Q75775745,sibling_any
Q75769369,Q96075964,sibling_any
Q75771264,Q75794045,sibling_any
Q75771264,Q75794057,sibling_any
Q75771265,Q99069537,sibling_any
Q75771276,Q76353305,sibling_any
Q75772979,Q76165875,sibling_any
Q75772979,Q76315785,sibling_any
Q75772979,Q76315786,sibling_any
Q75772979,Q76345016,sibling_any
Q75774984,Q75958840,sibling_any
Q75776170,Q75926779,sibling_any
Q75776170,Q75927104,sibling_any
Q75776170,Q75927107,sibling_any
Q75776170,Q75927109,sibling_any
Q75776170,Q75927110,sibling_any
Q75776170,Q75927113,sibling_any
Q75776170,Q75927114,sibling_any
Q75776170,Q75927117,sibling_any
Q75776170,Q75927442,sibling_any
Q75776170,Q75927451,sibling_any
Q75776170,Q75927943,sibling_any
Q75787328,Q934384,sibling_any
Q75791763,Q76201130,sibling_any
Q75791771,Q76154931,sibling_any
Q75794045,Q75794057,sibling_any
Q75794120,Q76241015,sibling_any
Q75794120,Q99804002,sibling_any
Q75811436,Q76277946,sibling_any
Q75811436,Q76277947,sibling_any
Q75811441,Q75811446,sibling_any
Q75811441,Q99804421,sibling_any
Q75811446,Q99804421,sibling_any
Q75826767,Q76332923,sibling_any
Q75826767,Q76332924,sibling_any
Q75860163,Q98967092,sibling_any
Q75926037,Q75926039,sibling_any
Q75926164,Q75926408,sibling_any
Q75926164,Q75926411,sibling_any
Q75926168,Q75926346,sibling_any
Q75926168,Q75926350,sibling_any
Q75926168,Q75926351,sibling_any
Q75926168,Q75926456,sibling_any
Q75926168,Q75926799,sibling_any
Q75926168,Q8007044,sibling_any
Q75926333,Q75926334,sibling_any
Q75926333,Q75926337,sibling_any
Q75926334,Q75926337,sibling_any
Q75926346,Q75926350,sibling_any
Q75926346,Q75926351,sibling_any
Q75926346,Q75926456,sibling_any
Q75926346,Q75926799,sibling_any
Q75926346,Q8007044,sibling_any
Q75926350,Q75926351,sibling_any
Q75926350,Q75926456,sibling_any
Q75926350,Q75926799,sibling_any
Q75926350,Q8007044,sibling_any
Q75926351,Q75926456,sibling_any
Q75926351,Q75926799,sibling_any
Q75926351,Q8007044,sibling_any
Q75926408,Q75926411,sibling_any
Q75926456,Q75926799,sibling_any
Q75926456,Q8007044,sibling_any
Q75926779,Q75927104,sibling_any
Q75926779,Q75927107,sibling_any
Q75926779,Q75927109,sibling_any
Q75926779,Q75927110,sibling_any
Q75926779,Q75927113,sibling_any
Q75926779,Q75927114,sibling_any
Q75926779,Q75927117,sibling_any
Q75926779,Q75927442,sibling_any
Q75926779,Q75927451,sibling_any
Q75926779,Q75927943,sibling_any
Q75926793,Q75926807,sibling_any
Q75926796,Q98967062,sibling_any
Q75926799,Q8007044,sibling_any
Q75927104,Q75927107,sibling_any
Q75927104,Q75927109,sibling_any
Q75927104,Q75927110,sibling_any
Q75927104,Q75927113,sibling_any
Q75927104,Q75927114,sibling_any
Q75927104,Q75927117,sibling_any
Q75927104,Q75927442,sibling_any
Q75927104,Q75927451,sibling_any
Q75927104,Q75927943,sibling_any
Q75927107,Q75927109,sibling_any
Q75927107,Q75927110,sibling_any
Q75927107,Q75927113,sibling_any
Q75927107,Q75927114,sibling_any
Q75927107,Q75927117,sibling_any
Q75927107,Q75927442,sibling_any
Q75927107,Q75927451,sibling_any
Q75927107,Q75927943,sibling_any
Q75927109,Q75927110,sibling_any
Q75927109,Q75927113,sibling_any
Q75927109,Q75927114,sibling_any
Q75927109,Q75927117,sibling_any
Q75927109,Q75927442,sibling_any
Q75927109,Q75927451,sibling_any
Q75927109,Q75927943,sibling_any
Q75927110,Q75927113,sibling_any
Q75927110,Q75927114,sibling_any
Q75927110,Q75927117,sibling_any
Q75927110,Q75927442,sibling_any
Q75927110,Q75927451,sibling_any
Q75927110,Q75927943,sibling_any
Q75927113,Q75927114,sibling_any
Q75927113,Q75927117,sibling_any
Q75927113,Q75927442,sibling_any
Q75927113,Q75927451,sibling_any
Q75927113,Q75927943,sibling_any
Q75927114,Q75927117,sibling_any
Q75927114,Q75927442,sibling_any
Q75927114,Q75927451,sibling_any
Q75927114,Q75927943,sibling_any
Q75927117,Q75927442,sibling_any
Q75927117,Q75927451,sibling_any
Q75927117,Q75927943,sibling_any
Q75927442,Q75927451,sibling_any
Q75927442,Q75927943,sibling_any
Q75927451,Q75927943,sibling_any
Q75927661,Q75927690,sibling_any
Q75927661,Q75927691,sibling_any
Q75927661,Q75927692,sibling_any
Q75927661,Q75927693,sibling_any
Q75927661,Q75927694,sibling_any
Q75927661,Q75927697,sibling_any
Q75927661,Q75927698,sibling_any
Q75927661,Q75927699,sibling_any
Q75927661,Q75927701,sibling_any
Q75927688,Q76154851,sibling_any
Q75927690,Q75927691,sibling_any
Q75927690,Q75927692,sibling_any
Q75927690,Q75927693,sibling_any
Q75927690,Q75927694,sibling_any
Q75927690,Q75927697,sibling_any
Q75927690,Q75927698,sibling_any
Q75927690,Q75927699,sibling_any
Q75927690,Q75927701,sibling_any
Q75927691,Q75927692,sibling_any
Q75927691,Q75927693,sibling_any
Q75927691,Q75927694,sibling_any
Q75927691,Q75927697,sibling_any
Q75927691,Q75927698,sibling_any
Q75927691,Q75927699,sibling_any
Q75927691,Q75927701,sibling_any
Q75927692,Q75927693,sibling_any
Q75927692,Q75927694,sibling_any
Q75927692,Q75927697,sibling_any
Q75927692,Q75927698,sibling_any
Q75927692,Q75927699,sibling_any
Q75927692,Q75927701,sibling_any
Q75927693,Q75927694,sibling_any
Q75927693,Q75927697,sibling_any
Q75927693,Q75927698,sibling_any
Q75927693,Q75927699,sibling_any
Q75927693,Q75927701,sibling_any
Q75927694,Q75927697,sibling_any
Q75927694,Q75927698,sibling_any
Q75927694,Q75927699,sibling_any
Q75927694,Q75927701,sibling_any
Q75927697,Q75927698,sibling_any
Q75927697,Q75927699,sibling_any
Q75927697,Q75927701,sibling_any
Q75927698,Q75927699,sibling_any
Q75927698,Q75927701,sibling_any
Q75927699,Q75927701,sibling_any
Q75927711,Q75927714,sibling_any
Q75927711,Q75927717,sibling_any
Q75927711,Q75927719,sibling_any
Q75927711,Q75927722,sibling_any
Q75927711,Q75927725,sibling_any
Q75927711,Q75927726,sibling_any
Q75927711,Q75927729,sibling_any
Q75927714,Q75927717,sibling_any
Q75927714,Q75927719,sibling_any
Q75927714,Q75927722,sibling_any
Q75927714,Q75927725,sibling_any
Q75927714,Q75927726,sibling_any
Q75927714,Q75927729,sibling_any
Q75927717,Q75927719,sibling_any
Q75927717,Q75927722,sibling_any
Q75927717,Q75927725,sibling_any
Q75927717,Q75927726,sibling_any
Q75927717,Q75927729,sibling_any
Q75927719,Q75927722,sibling_any
Q75927719,Q75927725,sibling_any
Q75927719,Q75927726,sibling_any
Q75927719,Q75927729,sibling_any
Q75927722,Q75927725,sibling_any
Q75927722,Q75927726,sibling_any
Q75927722,Q75927729,sibling_any
Q75927725,Q75927726,sibling_any
Q75927725,Q75927729,sibling_any
Q75927726,Q75927729,sibling_any
Q75958837,Q76273222,sibling_any
Q75961225,Q99070257,sibling_any
Q75961231,Q76214376,sibling_any
Q75961236,Q76048570,sibling_any
Q75961236,Q76273180,sibling_any
Q75965997,Q96778118,sibling_any
Q75972656,Q75972843,sibling_any
Q75972670,Q75972738,sibling_any
Q75972670,Q75972748,sibling_any
Q75972670,Q99156535,sibling_any
Q75972738,Q75972748,sibling_any
Q75972738,Q99156535,sibling_any
Q75972748,Q99156535,sibling_any
Q75972849,Q99803748,sibling_any
Q75972849,Q99804119,sibling_any
Q75978217,Q76183947,sibling_any
Q75978217,Q76183949,sibling_any
Q75978217,Q76183957,sibling_any
Q75981774,Q96318428,sibling_any
Q75984685,Q99069929,sibling_any
Q75984685,Q99674956,sibling_any
Q76008792,Q76008794,sibling_any
Q76008792,Q76008795,sibling_any
Q76008792,Q7607464,sibling_any
Q76008792,Q98967174,sibling_any
Q76008794,Q76008795,sibling_any
Q76008794,Q7607464,sibling_any
Q76008794,Q98967174,sibling_any
Q76008795,Q7607464,sibling_any
Q76008795,Q98967174,sibling_any
Q76021497,Q88218120,sibling_any
Q76031800,Q99803789,sibling_any
Q76048561,Q99070350,sibling_any
Q76048583,Q76214402,sibling_any
Q76048583,Q76273231,sibling_any
Q7607464,Q98967174,sibling_any
Q76083260,Q99804294,sibling_any
Q76153757,Q76323842,sibling_any
Q76154810,Q76154879,sibling_any
Q76154814,Q76154864,sibling_any
Q76154814,Q76326562,sibling_any
Q76154814,Q76326564,sibling_any
Q76154814,Q76326566,sibling_any
Q76154814,Q76326567,sibling_any
Q76154814,Q76326569,sibling_any
Q76154814,Q76326571,sibling_any
Q76154818,Q76165879,sibling_any
Q76154864,Q76326562,sibling_any
Q76154864,Q76326564,sibling_any
Q76154864,Q76326566,sibling_any
Q76154864,Q76326567,sibling_any
Q76154864,Q76326569,sibling_any
Q76154864,Q76326571,sibling_any
Q76157544,Q96318450,sibling_any
Q76157544,Q96318460,sibling_any
Q76157547,Q96318443,sibling_any
Q76164984,Q99803652,sibling_any
Q76165873,Q76183945,sibling_any
Q76165873,Q76345443,sibling_any
Q76165873,Q76345450,sibling_any
Q76165873,Q76345463,sibling_any
Q76165873,Q76345465,sibling_any
Q76165875,Q76315785,sibling_any
Q76165875,Q76315786,sibling_any
Q76165875,Q76345016,sibling_any
Q76165878,Q76328218,sibling_any
Q76165878,Q76353308,sibling_any
Q76165878,Q76353310,sibling_any
Q76165878,Q76353312,sibling_any
Q76165878,Q76353313,sibling_any
Q76174313,Q76183965,sibling_any
Q76174313,Q76345429,sibling_any
Q76174313,Q76345433,sibling_any
Q76174313,Q76345437,sibling_any
Q76174313,Q76345439,sibling_any
Q76174313,Q76358329,sibling_any
Q76183945,Q76345443,sibling_any
Q76183945,Q76345450,sibling_any
Q76183945,Q76345463,sibling_any
Q76183945,Q76345465,sibling_any
Q76183946,Q7964279,sibling_any
Q76183947,Q76183949,sibling_any
Q76183947,Q76183957,sibling_any
Q76183949,Q76183957,sibling_any
Q76183965,Q76345429,sibling_any
Q76183965,Q76345433,sibling_any
Q76183965,Q76345437,sibling_any
Q76183965,Q76345439,sibling_any
Q76183965,Q76358329,sibling_any
Q76197507,Q84284455,sibling_any
Q76197509,Q96414252,sibling_any
Q76197509,Q97536585,sibling_any
Q76197509,Q98103768,sibling_any
Q76197511,Q99769246,sibling_any
Q76201125,Q76220738,sibling_any
Q76214372,Q76214373,sibling_any
Q76214393,Q96244019,sibling_any
Q76214402,Q76273231,sibling_any
Q76218735,Q7964321,sibling_any
Q76241015,Q99804002,sibling_any
Q76248176,Q99803886,sibling_any
Q76268796,Q8009090,sibling_any
Q76268796,Q99067957,sibling_any
Q76273185,Q76273211,sibling_any
Q76273185,Q99082491,sibling_any
Q76273211,Q99082491,sibling_any
Q76273217,Q7851359,sibling_any
Q76277946,Q76277947,sibling_any
Q76277952,Q99803765,sibling_any
Q76297251,Q99767733,sibling_any
Q76315785,Q76315786,sibling_any
Q76315785,Q76345016,sibling_any
Q76315786,Q76345016,sibling_any
Q76322600,Q96318406,sibling_any
Q76326562,Q76326564,sibling_any
Q76326562,Q76326566,sibling_any
Q76326562,Q76326567,sibling_any
Q76326562,Q76326569,sibling_any
Q76326562,Q76326571,sibling_any
Q76326564,Q76326566,sibling_any
Q76326564,Q76326567,sibling_any
Q76326564,Q76326569,sibling_any
Q76326564,Q76326571,sibling_any
Q76326566,Q76326567,sibling_any
Q76326566,Q76326569,sibling_any
Q76326566,Q76326571,sibling_any
Q76326567,Q76326569,sibling_any
Q76326567,Q76326571,sibling_any
Q76326569,Q76326571,sibling_any
Q76328218,Q76353308,sibling_any
Q76328218,Q76353310,sibling_any
Q76328218,Q76353312,sibling_any
Q76328218,Q76353313,sibling_any
Q76329874,Q76329876,sibling_any
Q76332923,Q76332924,sibling_any
Q76345429,Q76345433,sibling_any
Q76345429,Q76345437,sibling_any
Q76345429,Q76345439,sibling_any
Q76345429,Q76358329,sibling_any
Q76345433,Q76345437,sibling_any
Q76345433,Q76345439,sibling_any
Q76345433,Q76358329,sibling_any
Q76345437,Q76345439,sibling_any
Q76345437,Q76358329,sibling_any
Q76345439,Q76358329,sibling_any
Q76345443,Q76345450,sibling_any
Q76345443,Q76345463,sibling_any
Q76345443,Q76345465,sibling_any
Q76345450,Q76345463,sibling_any
Q76345450,Q76345465,sibling_any
Q76345463,Q76345465,sibling_any
Q76353308,Q76353310,sibling_any
Q76353308,Q76353312,sibling_any
Q76353308,Q76353313,sibling_any
Q76353310,Q76353312,sibling_any
Q76353310,Q76353313,sibling_any
Q76353312,Q76353313,sibling_any
Q76356343,Q99070099,sibling_any
Q76358863,Q96213073,sibling_any
Q76358863,Q99177450,sibling_any
Q76359829,Q99803980,sibling_any
Q7789832,Q96318415,sibling_any
Q7789832,Q97568635,sibling_any
Q7794998,Q98967094,sibling_any
Q8007582,Q98103245,sibling_any
Q8007582,Q98967083,sibling_any
Q8007582,Q99107561,sibling_any
Q8007781,Q98967137,sibling_any
Q8009090,Q99067957,sibling_any
Q87653589,Q99066601,sibling_any
Q89267333,Q91807710,sibling_any
Q89267333,Q96202293,sibling_any
Q90162863,Q92371644,sibling_any
Q90163166,Q96201230,sibling_any
Q90163166,Q99249854,sibling_any
Q91555997,Q91555999,sibling_any
Q91807710,Q96202293,sibling_any
Q92327581,Q96372447,sibling_any
Q92327581,Q96413885,sibling_any
Q92327581,Q97041384,sibling_any
Q92327581,Q99856316,sibling_any
Q92327665,Q92560289,sibling_any
Q92327665,Q96413292,sibling_any
Q92327665,Q99600448,sibling_any
Q92466067,Q92466304,sibling_any
Q92560289,Q96413292,sibling_any
Q92560289,Q99600448,sibling_any
Q96075968,Q98967092,sibling_any
Q96077371,Q99735441,sibling_any
Q96197983,Q96198426,sibling_any
Q96197983,Q96198428,sibling_any
Q96197983,Q96337991,sibling_any
Q96197983,Q96338043,sibling_any
Q96198424,Q96572780,sibling_any
Q96198426,Q96198428,sibling_any
Q96198426,Q96337991,sibling_any
Q96198426,Q96338043,sibling_any
Q96198428,Q96337991,sibling_any
Q96198428,Q96338043,sibling_any
Q96198429,Q96337934,sibling_any
Q96198937,Q96199102,sibling_any
Q96198937,Q96983843,sibling_any
Q96198937,Q98103921,sibling_any
Q96199083,Q98422877,sibling_any
Q96199102,Q96983843,sibling_any
Q96199102,Q98103921,sibling_any
Q96199106,Q96237597,sibling_any
Q96199473,Q97094811,sibling_any
Q96199478,Q97094802,sibling_any
Q96199479,Q96201661,sibling_any
Q96199479,Q97094795,sibling_any
Q96201184,Q96215902,sibling_any
Q96201230,Q99249854,sibling_any
Q96201447,Q96201542,sibling_any
Q96201447,Q96338759,sibling_any
Q96201542,Q96338759,sibling_any
Q96201661,Q97094795,sibling_any
Q96213071,Q98053388,sibling_any
Q96213073,Q99177450,sibling_any
Q96216120,Q96376882,sibling_any
Q96216128,Q97103884,sibling_any
Q96216894,Q96216921,sibling_any
Q96237590,Q96985153,sibling_any
Q96237590,Q98103923,sibling_any
Q96243838,Q96244022,sibling_any
Q96243838,Q99302473,sibling_any
Q96243951,Q96311651,sibling_any
Q96243951,Q96311843,sibling_any
Q96244000,Q99070408,sibling_any
Q96244022,Q99302473,sibling_any
Q96244025,Q99070430,sibling_any
Q96244029,Q99068529,sibling_any
Q96244053,Q99070237,sibling_any
Q96244056,Q99066781,sibling_any
Q96244059,Q98399850,sibling_any
Q96311647,Q96311742,sibling_any
Q96311649,Q96311738,sibling_any
Q96311651,Q96311843,sibling_any
Q96318390,Q99094145,sibling_any
Q96318415,Q97568635,sibling_any
Q96318450,Q96318460,sibling_any
Q96337991,Q96338043,sibling_any
Q96372447,Q96413885,sibling_any
Q96372447,Q97041384,sibling_any
Q96372447,Q99856316,sibling_any
Q96413292,Q99600448,sibling_any
Q96413885,Q97041384,sibling_any
Q96413885,Q99856316,sibling_any
Q96414252,Q97536585,sibling_any
Q96414252,Q98103768,sibling_any
Q96778288,Q96778436,sibling_any
Q96778288,Q96778504,sibling_any
Q96778436,Q96778504,sibling_any
Q96983843,Q98103921,sibling_any
Q96985153,Q98103923,sibling_any
Q97041384,Q99856316,sibling_any
Q97531963,Q99220283,sibling_any
Q97531963,Q99432351,sibling_any
Q97531963,Q99769238,sibling_any
Q97536585,Q98103768,sibling_any
Q98103245,Q98967083,sibling_any
Q98103245,Q99107561,sibling_any
Q98967083,Q99107561,sibling_any
Q99066717,Q99070297,sibling_any
Q99068428,Q99070448,sibling_any
Q99069899,Q99082619,sibling_any
Q99069929,Q99674956,sibling_any
Q99070028,Q99070143,sibling_any
Q99070243,Q99070257,sibling_any
Q99072497,Q99073219,sibling_any
Q99107546,Q99804234,sibling_any
Q99171619,Q99804405,sibling_any
Q99220283,Q99432351,sibling_any
Q99220283,Q99769238,sibling_any
Q99432351,Q99769238,sibling_any
Q99769143,Q99769205,sibling_any
Q99769143,Q99769225,sibling_any
Q99769145,Q99769198,sibling_any
Q99769145,Q99769425,sibling_any
Q99769198,Q99769425,sibling_any
Q99769205,Q99769225,sibling_any
Q99803748,Q99804119,sibling_any
Q99902210,Q99902308,sibling_any
Q99904842,Q99906401,sibling_any
Q99904842,Q99907446,sibling_any
Q99904842,Q99907721,sibling_any
Q99904842,Q99912192,sibling_any
Q99906401,Q99907446,sibling_any
Q99906401,Q99907721,sibling_any
Q99906401,Q99912192,sibling_any
Q99907446,Q99907721,sibling_any
Q99907446,Q99912192,sibling_any
Q99907721,Q99912192,sibling_any
